﻿<hostitem:hostItem hostitem:baseType="Microsoft.Office.Tools.Excel.WorksheetBase" hostitem:namespace="NeqSimExcel" hostitem:className="Sheet8" hostitem:identifier="PVTSheet" hostitem:primaryCookie="Sheet8" hostitem:factoryType="Microsoft.Office.Tools.Excel.Factory" hostitem:startupIndex="18" xmlns:hostitem="http://schemas.microsoft.com/2004/VisualStudio/Tools/Applications/HostItem.xsd">
  <hostitem:windowsFormsHostControl hostitem:name="button1" hostitem:identifier="calcButton" hostitem:type="Microsoft.Office.Tools.Excel.Controls.Button" hostitem:primaryCookie="178ACC5FE1A4131489C19BC91719DD302D2921" hostitem:extenderCookie="178ACC5FE1A4131489C19BC91719DD302D2921" hostitem:modifier="Internal" />
  <hostitem:windowsFormsHostControl hostitem:name="comboBox1" hostitem:identifier="PVTcalcCombobox" hostitem:type="Microsoft.Office.Tools.Excel.Controls.ComboBox" hostitem:primaryCookie="28549ED09299EE2466728BB6292BFE182B7EE2" hostitem:extenderCookie="28549ED09299EE2466728BB6292BFE182B7EE2" hostitem:modifier="Internal" />
  <hostitem:windowsFormsHostControl hostitem:name="comboBox1" hostitem:identifier="selectFluidCombobox" hostitem:type="Microsoft.Office.Tools.Excel.Controls.ComboBox" hostitem:primaryCookie="3F5F3C9513E194340A93A9B531639868C9D723" hostitem:extenderCookie="3F5F3C9513E194340A93A9B531639868C9D723" hostitem:modifier="Internal" />
  <hostitem:componentsDeclaration />
  <hostitem:componentsInitialization><![CDATA[<SOAP-ENV:Envelope xmlns:xsi="http://www.w3.org/2001/XMLSchema-instance" xmlns:xsd="http://www.w3.org/2001/XMLSchema" xmlns:SOAP-ENC="http://schemas.xmlsoap.org/soap/encoding/" xmlns:SOAP-ENV="http://schemas.xmlsoap.org/soap/envelope/" xmlns:clr="http://schemas.microsoft.com/soap/encoding/clr/1.0" SOAP-ENV:encodingStyle="http://schemas.xmlsoap.org/soap/encoding/">
<SOAP-ENV:Body>
<a1:CodeStatementCollection id="ref-1" xmlns:a1="http://schemas.microsoft.com/clr/nsassem/System.CodeDom/System%2C%20Version%3D4.0.0.0%2C%20Culture%3Dneutral%2C%20PublicKeyToken%3Db77a5c561934e089">
<CollectionBase_x002B_list href="#ref-3"/>
</a1:CodeStatementCollection>
<a2:ArrayList id="ref-3" xmlns:a2="http://schemas.microsoft.com/clr/ns/System.Collections">
<_items href="#ref-4"/>
<_size>23</_size>
<_version>23</_version>
</a2:ArrayList>
<SOAP-ENC:Array id="ref-4" SOAP-ENC:arrayType="xsd:anyType[32]">
<item href="#ref-5"/>
<item href="#ref-6"/>
<item href="#ref-7"/>
<item href="#ref-8"/>
<item href="#ref-9"/>
<item href="#ref-10"/>
<item href="#ref-11"/>
<item href="#ref-12"/>
<item href="#ref-13"/>
<item href="#ref-14"/>
<item href="#ref-15"/>
<item href="#ref-16"/>
<item href="#ref-17"/>
<item href="#ref-18"/>
<item href="#ref-19"/>
<item href="#ref-20"/>
<item href="#ref-21"/>
<item href="#ref-22"/>
<item href="#ref-23"/>
<item href="#ref-24"/>
<item href="#ref-25"/>
<item href="#ref-26"/>
<item href="#ref-27"/>
</SOAP-ENC:Array>
<a1:CodeCommentStatement id="ref-5" xmlns:a1="http://schemas.microsoft.com/clr/nsassem/System.CodeDom/System%2C%20Version%3D4.0.0.0%2C%20Culture%3Dneutral%2C%20PublicKeyToken%3Db77a5c561934e089">
<comment href="#ref-28"/>
<CodeStatement_x002B_linePragma xsi:null="1"/>
<CodeStatement_x002B_startDirectives href="#ref-29"/>
<CodeStatement_x002B_endDirectives href="#ref-30"/>
<CodeObject_x002B_userData href="#ref-31"/>
</a1:CodeCommentStatement>
<a1:CodeCommentStatement id="ref-6" xmlns:a1="http://schemas.microsoft.com/clr/nsassem/System.CodeDom/System%2C%20Version%3D4.0.0.0%2C%20Culture%3Dneutral%2C%20PublicKeyToken%3Db77a5c561934e089">
<comment href="#ref-32"/>
<CodeStatement_x002B_linePragma xsi:null="1"/>
<CodeStatement_x002B_startDirectives href="#ref-33"/>
<CodeStatement_x002B_endDirectives href="#ref-34"/>
<CodeObject_x002B_userData href="#ref-35"/>
</a1:CodeCommentStatement>
<a1:CodeCommentStatement id="ref-7" xmlns:a1="http://schemas.microsoft.com/clr/nsassem/System.CodeDom/System%2C%20Version%3D4.0.0.0%2C%20Culture%3Dneutral%2C%20PublicKeyToken%3Db77a5c561934e089">
<comment href="#ref-36"/>
<CodeStatement_x002B_linePragma xsi:null="1"/>
<CodeStatement_x002B_startDirectives href="#ref-37"/>
<CodeStatement_x002B_endDirectives href="#ref-38"/>
<CodeObject_x002B_userData href="#ref-39"/>
</a1:CodeCommentStatement>
<a1:CodeAssignStatement id="ref-8" xmlns:a1="http://schemas.microsoft.com/clr/nsassem/System.CodeDom/System%2C%20Version%3D4.0.0.0%2C%20Culture%3Dneutral%2C%20PublicKeyToken%3Db77a5c561934e089">
<left href="#ref-40"/>
<right href="#ref-41"/>
<CodeStatement_x002B_linePragma xsi:null="1"/>
<CodeStatement_x002B_startDirectives href="#ref-42"/>
<CodeStatement_x002B_endDirectives href="#ref-43"/>
<CodeObject_x002B_userData href="#ref-44"/>
</a1:CodeAssignStatement>
<a1:CodeAssignStatement id="ref-9" xmlns:a1="http://schemas.microsoft.com/clr/nsassem/System.CodeDom/System%2C%20Version%3D4.0.0.0%2C%20Culture%3Dneutral%2C%20PublicKeyToken%3Db77a5c561934e089">
<left href="#ref-45"/>
<right href="#ref-46"/>
<CodeStatement_x002B_linePragma xsi:null="1"/>
<CodeStatement_x002B_startDirectives href="#ref-47"/>
<CodeStatement_x002B_endDirectives href="#ref-48"/>
<CodeObject_x002B_userData href="#ref-49"/>
</a1:CodeAssignStatement>
<a1:CodeAssignStatement id="ref-10" xmlns:a1="http://schemas.microsoft.com/clr/nsassem/System.CodeDom/System%2C%20Version%3D4.0.0.0%2C%20Culture%3Dneutral%2C%20PublicKeyToken%3Db77a5c561934e089">
<left href="#ref-50"/>
<right href="#ref-51"/>
<CodeStatement_x002B_linePragma xsi:null="1"/>
<CodeStatement_x002B_startDirectives href="#ref-52"/>
<CodeStatement_x002B_endDirectives href="#ref-53"/>
<CodeObject_x002B_userData href="#ref-54"/>
</a1:CodeAssignStatement>
<a1:CodeAssignStatement id="ref-11" xmlns:a1="http://schemas.microsoft.com/clr/nsassem/System.CodeDom/System%2C%20Version%3D4.0.0.0%2C%20Culture%3Dneutral%2C%20PublicKeyToken%3Db77a5c561934e089">
<left href="#ref-55"/>
<right href="#ref-56"/>
<CodeStatement_x002B_linePragma xsi:null="1"/>
<CodeStatement_x002B_startDirectives href="#ref-57"/>
<CodeStatement_x002B_endDirectives href="#ref-58"/>
<CodeObject_x002B_userData href="#ref-59"/>
</a1:CodeAssignStatement>
<a1:CodeAssignStatement id="ref-12" xmlns:a1="http://schemas.microsoft.com/clr/nsassem/System.CodeDom/System%2C%20Version%3D4.0.0.0%2C%20Culture%3Dneutral%2C%20PublicKeyToken%3Db77a5c561934e089">
<left href="#ref-60"/>
<right href="#ref-61"/>
<CodeStatement_x002B_linePragma xsi:null="1"/>
<CodeStatement_x002B_startDirectives href="#ref-62"/>
<CodeStatement_x002B_endDirectives href="#ref-63"/>
<CodeObject_x002B_userData href="#ref-64"/>
</a1:CodeAssignStatement>
<a1:CodeCommentStatement id="ref-13" xmlns:a1="http://schemas.microsoft.com/clr/nsassem/System.CodeDom/System%2C%20Version%3D4.0.0.0%2C%20Culture%3Dneutral%2C%20PublicKeyToken%3Db77a5c561934e089">
<comment href="#ref-65"/>
<CodeStatement_x002B_linePragma xsi:null="1"/>
<CodeStatement_x002B_startDirectives href="#ref-66"/>
<CodeStatement_x002B_endDirectives href="#ref-67"/>
<CodeObject_x002B_userData href="#ref-68"/>
</a1:CodeCommentStatement>
<a1:CodeCommentStatement id="ref-14" xmlns:a1="http://schemas.microsoft.com/clr/nsassem/System.CodeDom/System%2C%20Version%3D4.0.0.0%2C%20Culture%3Dneutral%2C%20PublicKeyToken%3Db77a5c561934e089">
<comment href="#ref-69"/>
<CodeStatement_x002B_linePragma xsi:null="1"/>
<CodeStatement_x002B_startDirectives href="#ref-70"/>
<CodeStatement_x002B_endDirectives href="#ref-71"/>
<CodeObject_x002B_userData href="#ref-72"/>
</a1:CodeCommentStatement>
<a1:CodeCommentStatement id="ref-15" xmlns:a1="http://schemas.microsoft.com/clr/nsassem/System.CodeDom/System%2C%20Version%3D4.0.0.0%2C%20Culture%3Dneutral%2C%20PublicKeyToken%3Db77a5c561934e089">
<comment href="#ref-73"/>
<CodeStatement_x002B_linePragma xsi:null="1"/>
<CodeStatement_x002B_startDirectives href="#ref-74"/>
<CodeStatement_x002B_endDirectives href="#ref-75"/>
<CodeObject_x002B_userData href="#ref-76"/>
</a1:CodeCommentStatement>
<a1:CodeAssignStatement id="ref-16" xmlns:a1="http://schemas.microsoft.com/clr/nsassem/System.CodeDom/System%2C%20Version%3D4.0.0.0%2C%20Culture%3Dneutral%2C%20PublicKeyToken%3Db77a5c561934e089">
<left href="#ref-77"/>
<right href="#ref-78"/>
<CodeStatement_x002B_linePragma xsi:null="1"/>
<CodeStatement_x002B_startDirectives href="#ref-79"/>
<CodeStatement_x002B_endDirectives href="#ref-80"/>
<CodeObject_x002B_userData href="#ref-81"/>
</a1:CodeAssignStatement>
<a1:CodeExpressionStatement id="ref-17" xmlns:a1="http://schemas.microsoft.com/clr/nsassem/System.CodeDom/System%2C%20Version%3D4.0.0.0%2C%20Culture%3Dneutral%2C%20PublicKeyToken%3Db77a5c561934e089">
<expression href="#ref-82"/>
<CodeStatement_x002B_linePragma xsi:null="1"/>
<CodeStatement_x002B_startDirectives href="#ref-83"/>
<CodeStatement_x002B_endDirectives href="#ref-84"/>
<CodeObject_x002B_userData href="#ref-85"/>
</a1:CodeExpressionStatement>
<a1:CodeAssignStatement id="ref-18" xmlns:a1="http://schemas.microsoft.com/clr/nsassem/System.CodeDom/System%2C%20Version%3D4.0.0.0%2C%20Culture%3Dneutral%2C%20PublicKeyToken%3Db77a5c561934e089">
<left href="#ref-86"/>
<right href="#ref-87"/>
<CodeStatement_x002B_linePragma xsi:null="1"/>
<CodeStatement_x002B_startDirectives href="#ref-88"/>
<CodeStatement_x002B_endDirectives href="#ref-89"/>
<CodeObject_x002B_userData href="#ref-90"/>
</a1:CodeAssignStatement>
<a1:CodeCommentStatement id="ref-19" xmlns:a1="http://schemas.microsoft.com/clr/nsassem/System.CodeDom/System%2C%20Version%3D4.0.0.0%2C%20Culture%3Dneutral%2C%20PublicKeyToken%3Db77a5c561934e089">
<comment href="#ref-91"/>
<CodeStatement_x002B_linePragma xsi:null="1"/>
<CodeStatement_x002B_startDirectives href="#ref-92"/>
<CodeStatement_x002B_endDirectives href="#ref-93"/>
<CodeObject_x002B_userData href="#ref-94"/>
</a1:CodeCommentStatement>
<a1:CodeCommentStatement id="ref-20" xmlns:a1="http://schemas.microsoft.com/clr/nsassem/System.CodeDom/System%2C%20Version%3D4.0.0.0%2C%20Culture%3Dneutral%2C%20PublicKeyToken%3Db77a5c561934e089">
<comment href="#ref-95"/>
<CodeStatement_x002B_linePragma xsi:null="1"/>
<CodeStatement_x002B_startDirectives href="#ref-96"/>
<CodeStatement_x002B_endDirectives href="#ref-97"/>
<CodeObject_x002B_userData href="#ref-98"/>
</a1:CodeCommentStatement>
<a1:CodeCommentStatement id="ref-21" xmlns:a1="http://schemas.microsoft.com/clr/nsassem/System.CodeDom/System%2C%20Version%3D4.0.0.0%2C%20Culture%3Dneutral%2C%20PublicKeyToken%3Db77a5c561934e089">
<comment href="#ref-99"/>
<CodeStatement_x002B_linePragma xsi:null="1"/>
<CodeStatement_x002B_startDirectives href="#ref-100"/>
<CodeStatement_x002B_endDirectives href="#ref-101"/>
<CodeObject_x002B_userData href="#ref-102"/>
</a1:CodeCommentStatement>
<a1:CodeAssignStatement id="ref-22" xmlns:a1="http://schemas.microsoft.com/clr/nsassem/System.CodeDom/System%2C%20Version%3D4.0.0.0%2C%20Culture%3Dneutral%2C%20PublicKeyToken%3Db77a5c561934e089">
<left href="#ref-103"/>
<right href="#ref-104"/>
<CodeStatement_x002B_linePragma xsi:null="1"/>
<CodeStatement_x002B_startDirectives href="#ref-105"/>
<CodeStatement_x002B_endDirectives href="#ref-106"/>
<CodeObject_x002B_userData href="#ref-107"/>
</a1:CodeAssignStatement>
<a1:CodeAssignStatement id="ref-23" xmlns:a1="http://schemas.microsoft.com/clr/nsassem/System.CodeDom/System%2C%20Version%3D4.0.0.0%2C%20Culture%3Dneutral%2C%20PublicKeyToken%3Db77a5c561934e089">
<left href="#ref-108"/>
<right href="#ref-109"/>
<CodeStatement_x002B_linePragma xsi:null="1"/>
<CodeStatement_x002B_startDirectives href="#ref-110"/>
<CodeStatement_x002B_endDirectives href="#ref-111"/>
<CodeObject_x002B_userData href="#ref-112"/>
</a1:CodeAssignStatement>
<a1:CodeAssignStatement id="ref-24" xmlns:a1="http://schemas.microsoft.com/clr/nsassem/System.CodeDom/System%2C%20Version%3D4.0.0.0%2C%20Culture%3Dneutral%2C%20PublicKeyToken%3Db77a5c561934e089">
<left href="#ref-113"/>
<right href="#ref-114"/>
<CodeStatement_x002B_linePragma xsi:null="1"/>
<CodeStatement_x002B_startDirectives href="#ref-115"/>
<CodeStatement_x002B_endDirectives href="#ref-116"/>
<CodeObject_x002B_userData href="#ref-117"/>
</a1:CodeAssignStatement>
<a1:CodeCommentStatement id="ref-25" xmlns:a1="http://schemas.microsoft.com/clr/nsassem/System.CodeDom/System%2C%20Version%3D4.0.0.0%2C%20Culture%3Dneutral%2C%20PublicKeyToken%3Db77a5c561934e089">
<comment href="#ref-118"/>
<CodeStatement_x002B_linePragma xsi:null="1"/>
<CodeStatement_x002B_startDirectives href="#ref-119"/>
<CodeStatement_x002B_endDirectives href="#ref-120"/>
<CodeObject_x002B_userData href="#ref-121"/>
</a1:CodeCommentStatement>
<a1:CodeCommentStatement id="ref-26" xmlns:a1="http://schemas.microsoft.com/clr/nsassem/System.CodeDom/System%2C%20Version%3D4.0.0.0%2C%20Culture%3Dneutral%2C%20PublicKeyToken%3Db77a5c561934e089">
<comment href="#ref-122"/>
<CodeStatement_x002B_linePragma xsi:null="1"/>
<CodeStatement_x002B_startDirectives href="#ref-123"/>
<CodeStatement_x002B_endDirectives href="#ref-124"/>
<CodeObject_x002B_userData href="#ref-125"/>
</a1:CodeCommentStatement>
<a1:CodeCommentStatement id="ref-27" xmlns:a1="http://schemas.microsoft.com/clr/nsassem/System.CodeDom/System%2C%20Version%3D4.0.0.0%2C%20Culture%3Dneutral%2C%20PublicKeyToken%3Db77a5c561934e089">
<comment href="#ref-126"/>
<CodeStatement_x002B_linePragma xsi:null="1"/>
<CodeStatement_x002B_startDirectives href="#ref-127"/>
<CodeStatement_x002B_endDirectives href="#ref-128"/>
<CodeObject_x002B_userData href="#ref-129"/>
</a1:CodeCommentStatement>
<a1:CodeComment id="ref-28" xmlns:a1="http://schemas.microsoft.com/clr/nsassem/System.CodeDom/System%2C%20Version%3D4.0.0.0%2C%20Culture%3Dneutral%2C%20PublicKeyToken%3Db77a5c561934e089">
<text id="ref-130"></text>
<docComment>false</docComment>
<CodeObject_x002B_userData href="#ref-131"/>
</a1:CodeComment>
<a1:CodeDirectiveCollection id="ref-29" xmlns:a1="http://schemas.microsoft.com/clr/nsassem/System.CodeDom/System%2C%20Version%3D4.0.0.0%2C%20Culture%3Dneutral%2C%20PublicKeyToken%3Db77a5c561934e089">
<CollectionBase_x002B_list href="#ref-132"/>
</a1:CodeDirectiveCollection>
<a1:CodeDirectiveCollection id="ref-30" xmlns:a1="http://schemas.microsoft.com/clr/nsassem/System.CodeDom/System%2C%20Version%3D4.0.0.0%2C%20Culture%3Dneutral%2C%20PublicKeyToken%3Db77a5c561934e089">
<CollectionBase_x002B_list href="#ref-133"/>
</a1:CodeDirectiveCollection>
<a4:ListDictionary id="ref-31" xmlns:a4="http://schemas.microsoft.com/clr/nsassem/System.Collections.Specialized/System%2C%20Version%3D4.0.0.0%2C%20Culture%3Dneutral%2C%20PublicKeyToken%3Db77a5c561934e089">
<head xsi:null="1"/>
<version>0</version>
<count>0</count>
<comparer xsi:null="1"/>
</a4:ListDictionary>
<a1:CodeComment id="ref-32" xmlns:a1="http://schemas.microsoft.com/clr/nsassem/System.CodeDom/System%2C%20Version%3D4.0.0.0%2C%20Culture%3Dneutral%2C%20PublicKeyToken%3Db77a5c561934e089">
<text id="ref-134">calcButton</text>
<docComment>false</docComment>
<CodeObject_x002B_userData href="#ref-135"/>
</a1:CodeComment>
<a1:CodeDirectiveCollection id="ref-33" xmlns:a1="http://schemas.microsoft.com/clr/nsassem/System.CodeDom/System%2C%20Version%3D4.0.0.0%2C%20Culture%3Dneutral%2C%20PublicKeyToken%3Db77a5c561934e089">
<CollectionBase_x002B_list href="#ref-136"/>
</a1:CodeDirectiveCollection>
<a1:CodeDirectiveCollection id="ref-34" xmlns:a1="http://schemas.microsoft.com/clr/nsassem/System.CodeDom/System%2C%20Version%3D4.0.0.0%2C%20Culture%3Dneutral%2C%20PublicKeyToken%3Db77a5c561934e089">
<CollectionBase_x002B_list href="#ref-137"/>
</a1:CodeDirectiveCollection>
<a4:ListDictionary id="ref-35" xmlns:a4="http://schemas.microsoft.com/clr/nsassem/System.Collections.Specialized/System%2C%20Version%3D4.0.0.0%2C%20Culture%3Dneutral%2C%20PublicKeyToken%3Db77a5c561934e089">
<head xsi:null="1"/>
<version>0</version>
<count>0</count>
<comparer xsi:null="1"/>
</a4:ListDictionary>
<a1:CodeComment id="ref-36" xmlns:a1="http://schemas.microsoft.com/clr/nsassem/System.CodeDom/System%2C%20Version%3D4.0.0.0%2C%20Culture%3Dneutral%2C%20PublicKeyToken%3Db77a5c561934e089">
<text href="#ref-130"/>
<docComment>false</docComment>
<CodeObject_x002B_userData href="#ref-138"/>
</a1:CodeComment>
<a1:CodeDirectiveCollection id="ref-37" xmlns:a1="http://schemas.microsoft.com/clr/nsassem/System.CodeDom/System%2C%20Version%3D4.0.0.0%2C%20Culture%3Dneutral%2C%20PublicKeyToken%3Db77a5c561934e089">
<CollectionBase_x002B_list href="#ref-139"/>
</a1:CodeDirectiveCollection>
<a1:CodeDirectiveCollection id="ref-38" xmlns:a1="http://schemas.microsoft.com/clr/nsassem/System.CodeDom/System%2C%20Version%3D4.0.0.0%2C%20Culture%3Dneutral%2C%20PublicKeyToken%3Db77a5c561934e089">
<CollectionBase_x002B_list href="#ref-140"/>
</a1:CodeDirectiveCollection>
<a4:ListDictionary id="ref-39" xmlns:a4="http://schemas.microsoft.com/clr/nsassem/System.Collections.Specialized/System%2C%20Version%3D4.0.0.0%2C%20Culture%3Dneutral%2C%20PublicKeyToken%3Db77a5c561934e089">
<head xsi:null="1"/>
<version>0</version>
<count>0</count>
<comparer xsi:null="1"/>
</a4:ListDictionary>
<a1:CodePropertyReferenceExpression id="ref-40" xmlns:a1="http://schemas.microsoft.com/clr/nsassem/System.CodeDom/System%2C%20Version%3D4.0.0.0%2C%20Culture%3Dneutral%2C%20PublicKeyToken%3Db77a5c561934e089">
<targetObject href="#ref-141"/>
<propertyName id="ref-142">BackColor</propertyName>
<parameters href="#ref-143"/>
<CodeObject_x002B_userData href="#ref-144"/>
</a1:CodePropertyReferenceExpression>
<a1:CodePropertyReferenceExpression id="ref-41" xmlns:a1="http://schemas.microsoft.com/clr/nsassem/System.CodeDom/System%2C%20Version%3D4.0.0.0%2C%20Culture%3Dneutral%2C%20PublicKeyToken%3Db77a5c561934e089">
<targetObject href="#ref-145"/>
<propertyName id="ref-146">Control</propertyName>
<parameters href="#ref-147"/>
<CodeObject_x002B_userData href="#ref-148"/>
</a1:CodePropertyReferenceExpression>
<a1:CodeDirectiveCollection id="ref-42" xmlns:a1="http://schemas.microsoft.com/clr/nsassem/System.CodeDom/System%2C%20Version%3D4.0.0.0%2C%20Culture%3Dneutral%2C%20PublicKeyToken%3Db77a5c561934e089">
<CollectionBase_x002B_list href="#ref-149"/>
</a1:CodeDirectiveCollection>
<a1:CodeDirectiveCollection id="ref-43" xmlns:a1="http://schemas.microsoft.com/clr/nsassem/System.CodeDom/System%2C%20Version%3D4.0.0.0%2C%20Culture%3Dneutral%2C%20PublicKeyToken%3Db77a5c561934e089">
<CollectionBase_x002B_list href="#ref-150"/>
</a1:CodeDirectiveCollection>
<a4:ListDictionary id="ref-44" xmlns:a4="http://schemas.microsoft.com/clr/nsassem/System.Collections.Specialized/System%2C%20Version%3D4.0.0.0%2C%20Culture%3Dneutral%2C%20PublicKeyToken%3Db77a5c561934e089">
<head xsi:null="1"/>
<version>0</version>
<count>0</count>
<comparer xsi:null="1"/>
</a4:ListDictionary>
<a1:CodePropertyReferenceExpression id="ref-45" xmlns:a1="http://schemas.microsoft.com/clr/nsassem/System.CodeDom/System%2C%20Version%3D4.0.0.0%2C%20Culture%3Dneutral%2C%20PublicKeyToken%3Db77a5c561934e089">
<targetObject href="#ref-141"/>
<propertyName id="ref-151">ForeColor</propertyName>
<parameters href="#ref-152"/>
<CodeObject_x002B_userData href="#ref-153"/>
</a1:CodePropertyReferenceExpression>
<a1:CodePropertyReferenceExpression id="ref-46" xmlns:a1="http://schemas.microsoft.com/clr/nsassem/System.CodeDom/System%2C%20Version%3D4.0.0.0%2C%20Culture%3Dneutral%2C%20PublicKeyToken%3Db77a5c561934e089">
<targetObject href="#ref-154"/>
<propertyName id="ref-155">ControlText</propertyName>
<parameters href="#ref-156"/>
<CodeObject_x002B_userData href="#ref-157"/>
</a1:CodePropertyReferenceExpression>
<a1:CodeDirectiveCollection id="ref-47" xmlns:a1="http://schemas.microsoft.com/clr/nsassem/System.CodeDom/System%2C%20Version%3D4.0.0.0%2C%20Culture%3Dneutral%2C%20PublicKeyToken%3Db77a5c561934e089">
<CollectionBase_x002B_list href="#ref-158"/>
</a1:CodeDirectiveCollection>
<a1:CodeDirectiveCollection id="ref-48" xmlns:a1="http://schemas.microsoft.com/clr/nsassem/System.CodeDom/System%2C%20Version%3D4.0.0.0%2C%20Culture%3Dneutral%2C%20PublicKeyToken%3Db77a5c561934e089">
<CollectionBase_x002B_list href="#ref-159"/>
</a1:CodeDirectiveCollection>
<a4:ListDictionary id="ref-49" xmlns:a4="http://schemas.microsoft.com/clr/nsassem/System.Collections.Specialized/System%2C%20Version%3D4.0.0.0%2C%20Culture%3Dneutral%2C%20PublicKeyToken%3Db77a5c561934e089">
<head xsi:null="1"/>
<version>0</version>
<count>0</count>
<comparer xsi:null="1"/>
</a4:ListDictionary>
<a1:CodePropertyReferenceExpression id="ref-50" xmlns:a1="http://schemas.microsoft.com/clr/nsassem/System.CodeDom/System%2C%20Version%3D4.0.0.0%2C%20Culture%3Dneutral%2C%20PublicKeyToken%3Db77a5c561934e089">
<targetObject href="#ref-141"/>
<propertyName id="ref-160">Name</propertyName>
<parameters href="#ref-161"/>
<CodeObject_x002B_userData href="#ref-162"/>
</a1:CodePropertyReferenceExpression>
<a1:CodePrimitiveExpression id="ref-51" xmlns:a1="http://schemas.microsoft.com/clr/nsassem/System.CodeDom/System%2C%20Version%3D4.0.0.0%2C%20Culture%3Dneutral%2C%20PublicKeyToken%3Db77a5c561934e089">
<value href="#ref-134"/>
<CodeObject_x002B_userData href="#ref-163"/>
</a1:CodePrimitiveExpression>
<a1:CodeDirectiveCollection id="ref-52" xmlns:a1="http://schemas.microsoft.com/clr/nsassem/System.CodeDom/System%2C%20Version%3D4.0.0.0%2C%20Culture%3Dneutral%2C%20PublicKeyToken%3Db77a5c561934e089">
<CollectionBase_x002B_list href="#ref-164"/>
</a1:CodeDirectiveCollection>
<a1:CodeDirectiveCollection id="ref-53" xmlns:a1="http://schemas.microsoft.com/clr/nsassem/System.CodeDom/System%2C%20Version%3D4.0.0.0%2C%20Culture%3Dneutral%2C%20PublicKeyToken%3Db77a5c561934e089">
<CollectionBase_x002B_list href="#ref-165"/>
</a1:CodeDirectiveCollection>
<a4:ListDictionary id="ref-54" xmlns:a4="http://schemas.microsoft.com/clr/nsassem/System.Collections.Specialized/System%2C%20Version%3D4.0.0.0%2C%20Culture%3Dneutral%2C%20PublicKeyToken%3Db77a5c561934e089">
<head xsi:null="1"/>
<version>0</version>
<count>0</count>
<comparer xsi:null="1"/>
</a4:ListDictionary>
<a1:CodePropertyReferenceExpression id="ref-55" xmlns:a1="http://schemas.microsoft.com/clr/nsassem/System.CodeDom/System%2C%20Version%3D4.0.0.0%2C%20Culture%3Dneutral%2C%20PublicKeyToken%3Db77a5c561934e089">
<targetObject href="#ref-141"/>
<propertyName id="ref-166">Text</propertyName>
<parameters href="#ref-167"/>
<CodeObject_x002B_userData href="#ref-168"/>
</a1:CodePropertyReferenceExpression>
<a1:CodePrimitiveExpression id="ref-56" xmlns:a1="http://schemas.microsoft.com/clr/nsassem/System.CodeDom/System%2C%20Version%3D4.0.0.0%2C%20Culture%3Dneutral%2C%20PublicKeyToken%3Db77a5c561934e089">
<value id="ref-169" xsi:type="SOAP-ENC:string">Ok</value>
<CodeObject_x002B_userData href="#ref-170"/>
</a1:CodePrimitiveExpression>
<a1:CodeDirectiveCollection id="ref-57" xmlns:a1="http://schemas.microsoft.com/clr/nsassem/System.CodeDom/System%2C%20Version%3D4.0.0.0%2C%20Culture%3Dneutral%2C%20PublicKeyToken%3Db77a5c561934e089">
<CollectionBase_x002B_list href="#ref-171"/>
</a1:CodeDirectiveCollection>
<a1:CodeDirectiveCollection id="ref-58" xmlns:a1="http://schemas.microsoft.com/clr/nsassem/System.CodeDom/System%2C%20Version%3D4.0.0.0%2C%20Culture%3Dneutral%2C%20PublicKeyToken%3Db77a5c561934e089">
<CollectionBase_x002B_list href="#ref-172"/>
</a1:CodeDirectiveCollection>
<a4:ListDictionary id="ref-59" xmlns:a4="http://schemas.microsoft.com/clr/nsassem/System.Collections.Specialized/System%2C%20Version%3D4.0.0.0%2C%20Culture%3Dneutral%2C%20PublicKeyToken%3Db77a5c561934e089">
<head xsi:null="1"/>
<version>0</version>
<count>0</count>
<comparer xsi:null="1"/>
</a4:ListDictionary>
<a1:CodePropertyReferenceExpression id="ref-60" xmlns:a1="http://schemas.microsoft.com/clr/nsassem/System.CodeDom/System%2C%20Version%3D4.0.0.0%2C%20Culture%3Dneutral%2C%20PublicKeyToken%3Db77a5c561934e089">
<targetObject href="#ref-141"/>
<propertyName id="ref-173">UseVisualStyleBackColor</propertyName>
<parameters href="#ref-174"/>
<CodeObject_x002B_userData href="#ref-175"/>
</a1:CodePropertyReferenceExpression>
<a1:CodePrimitiveExpression id="ref-61" xmlns:a1="http://schemas.microsoft.com/clr/nsassem/System.CodeDom/System%2C%20Version%3D4.0.0.0%2C%20Culture%3Dneutral%2C%20PublicKeyToken%3Db77a5c561934e089">
<value xsi:type="xsd:boolean">false</value>
<CodeObject_x002B_userData href="#ref-176"/>
</a1:CodePrimitiveExpression>
<a1:CodeDirectiveCollection id="ref-62" xmlns:a1="http://schemas.microsoft.com/clr/nsassem/System.CodeDom/System%2C%20Version%3D4.0.0.0%2C%20Culture%3Dneutral%2C%20PublicKeyToken%3Db77a5c561934e089">
<CollectionBase_x002B_list href="#ref-177"/>
</a1:CodeDirectiveCollection>
<a1:CodeDirectiveCollection id="ref-63" xmlns:a1="http://schemas.microsoft.com/clr/nsassem/System.CodeDom/System%2C%20Version%3D4.0.0.0%2C%20Culture%3Dneutral%2C%20PublicKeyToken%3Db77a5c561934e089">
<CollectionBase_x002B_list href="#ref-178"/>
</a1:CodeDirectiveCollection>
<a4:ListDictionary id="ref-64" xmlns:a4="http://schemas.microsoft.com/clr/nsassem/System.Collections.Specialized/System%2C%20Version%3D4.0.0.0%2C%20Culture%3Dneutral%2C%20PublicKeyToken%3Db77a5c561934e089">
<head xsi:null="1"/>
<version>0</version>
<count>0</count>
<comparer xsi:null="1"/>
</a4:ListDictionary>
<a1:CodeComment id="ref-65" xmlns:a1="http://schemas.microsoft.com/clr/nsassem/System.CodeDom/System%2C%20Version%3D4.0.0.0%2C%20Culture%3Dneutral%2C%20PublicKeyToken%3Db77a5c561934e089">
<text href="#ref-130"/>
<docComment>false</docComment>
<CodeObject_x002B_userData href="#ref-179"/>
</a1:CodeComment>
<a1:CodeDirectiveCollection id="ref-66" xmlns:a1="http://schemas.microsoft.com/clr/nsassem/System.CodeDom/System%2C%20Version%3D4.0.0.0%2C%20Culture%3Dneutral%2C%20PublicKeyToken%3Db77a5c561934e089">
<CollectionBase_x002B_list href="#ref-180"/>
</a1:CodeDirectiveCollection>
<a1:CodeDirectiveCollection id="ref-67" xmlns:a1="http://schemas.microsoft.com/clr/nsassem/System.CodeDom/System%2C%20Version%3D4.0.0.0%2C%20Culture%3Dneutral%2C%20PublicKeyToken%3Db77a5c561934e089">
<CollectionBase_x002B_list href="#ref-181"/>
</a1:CodeDirectiveCollection>
<a4:ListDictionary id="ref-68" xmlns:a4="http://schemas.microsoft.com/clr/nsassem/System.Collections.Specialized/System%2C%20Version%3D4.0.0.0%2C%20Culture%3Dneutral%2C%20PublicKeyToken%3Db77a5c561934e089">
<head xsi:null="1"/>
<version>0</version>
<count>0</count>
<comparer xsi:null="1"/>
</a4:ListDictionary>
<a1:CodeComment id="ref-69" xmlns:a1="http://schemas.microsoft.com/clr/nsassem/System.CodeDom/System%2C%20Version%3D4.0.0.0%2C%20Culture%3Dneutral%2C%20PublicKeyToken%3Db77a5c561934e089">
<text id="ref-182">PVTcalcCombobox</text>
<docComment>false</docComment>
<CodeObject_x002B_userData href="#ref-183"/>
</a1:CodeComment>
<a1:CodeDirectiveCollection id="ref-70" xmlns:a1="http://schemas.microsoft.com/clr/nsassem/System.CodeDom/System%2C%20Version%3D4.0.0.0%2C%20Culture%3Dneutral%2C%20PublicKeyToken%3Db77a5c561934e089">
<CollectionBase_x002B_list href="#ref-184"/>
</a1:CodeDirectiveCollection>
<a1:CodeDirectiveCollection id="ref-71" xmlns:a1="http://schemas.microsoft.com/clr/nsassem/System.CodeDom/System%2C%20Version%3D4.0.0.0%2C%20Culture%3Dneutral%2C%20PublicKeyToken%3Db77a5c561934e089">
<CollectionBase_x002B_list href="#ref-185"/>
</a1:CodeDirectiveCollection>
<a4:ListDictionary id="ref-72" xmlns:a4="http://schemas.microsoft.com/clr/nsassem/System.Collections.Specialized/System%2C%20Version%3D4.0.0.0%2C%20Culture%3Dneutral%2C%20PublicKeyToken%3Db77a5c561934e089">
<head xsi:null="1"/>
<version>0</version>
<count>0</count>
<comparer xsi:null="1"/>
</a4:ListDictionary>
<a1:CodeComment id="ref-73" xmlns:a1="http://schemas.microsoft.com/clr/nsassem/System.CodeDom/System%2C%20Version%3D4.0.0.0%2C%20Culture%3Dneutral%2C%20PublicKeyToken%3Db77a5c561934e089">
<text href="#ref-130"/>
<docComment>false</docComment>
<CodeObject_x002B_userData href="#ref-186"/>
</a1:CodeComment>
<a1:CodeDirectiveCollection id="ref-74" xmlns:a1="http://schemas.microsoft.com/clr/nsassem/System.CodeDom/System%2C%20Version%3D4.0.0.0%2C%20Culture%3Dneutral%2C%20PublicKeyToken%3Db77a5c561934e089">
<CollectionBase_x002B_list href="#ref-187"/>
</a1:CodeDirectiveCollection>
<a1:CodeDirectiveCollection id="ref-75" xmlns:a1="http://schemas.microsoft.com/clr/nsassem/System.CodeDom/System%2C%20Version%3D4.0.0.0%2C%20Culture%3Dneutral%2C%20PublicKeyToken%3Db77a5c561934e089">
<CollectionBase_x002B_list href="#ref-188"/>
</a1:CodeDirectiveCollection>
<a4:ListDictionary id="ref-76" xmlns:a4="http://schemas.microsoft.com/clr/nsassem/System.Collections.Specialized/System%2C%20Version%3D4.0.0.0%2C%20Culture%3Dneutral%2C%20PublicKeyToken%3Db77a5c561934e089">
<head xsi:null="1"/>
<version>0</version>
<count>0</count>
<comparer xsi:null="1"/>
</a4:ListDictionary>
<a1:CodePropertyReferenceExpression id="ref-77" xmlns:a1="http://schemas.microsoft.com/clr/nsassem/System.CodeDom/System%2C%20Version%3D4.0.0.0%2C%20Culture%3Dneutral%2C%20PublicKeyToken%3Db77a5c561934e089">
<targetObject href="#ref-189"/>
<propertyName id="ref-190">DropDownStyle</propertyName>
<parameters href="#ref-191"/>
<CodeObject_x002B_userData href="#ref-192"/>
</a1:CodePropertyReferenceExpression>
<a1:CodeFieldReferenceExpression id="ref-78" xmlns:a1="http://schemas.microsoft.com/clr/nsassem/System.CodeDom/System%2C%20Version%3D4.0.0.0%2C%20Culture%3Dneutral%2C%20PublicKeyToken%3Db77a5c561934e089">
<targetObject href="#ref-193"/>
<fieldName id="ref-194">DropDownList</fieldName>
<CodeObject_x002B_userData href="#ref-195"/>
</a1:CodeFieldReferenceExpression>
<a1:CodeDirectiveCollection id="ref-79" xmlns:a1="http://schemas.microsoft.com/clr/nsassem/System.CodeDom/System%2C%20Version%3D4.0.0.0%2C%20Culture%3Dneutral%2C%20PublicKeyToken%3Db77a5c561934e089">
<CollectionBase_x002B_list href="#ref-196"/>
</a1:CodeDirectiveCollection>
<a1:CodeDirectiveCollection id="ref-80" xmlns:a1="http://schemas.microsoft.com/clr/nsassem/System.CodeDom/System%2C%20Version%3D4.0.0.0%2C%20Culture%3Dneutral%2C%20PublicKeyToken%3Db77a5c561934e089">
<CollectionBase_x002B_list href="#ref-197"/>
</a1:CodeDirectiveCollection>
<a4:ListDictionary id="ref-81" xmlns:a4="http://schemas.microsoft.com/clr/nsassem/System.Collections.Specialized/System%2C%20Version%3D4.0.0.0%2C%20Culture%3Dneutral%2C%20PublicKeyToken%3Db77a5c561934e089">
<head xsi:null="1"/>
<version>0</version>
<count>0</count>
<comparer xsi:null="1"/>
</a4:ListDictionary>
<a1:CodeMethodInvokeExpression id="ref-82" xmlns:a1="http://schemas.microsoft.com/clr/nsassem/System.CodeDom/System%2C%20Version%3D4.0.0.0%2C%20Culture%3Dneutral%2C%20PublicKeyToken%3Db77a5c561934e089">
<method href="#ref-198"/>
<parameters href="#ref-199"/>
<CodeObject_x002B_userData href="#ref-200"/>
</a1:CodeMethodInvokeExpression>
<a1:CodeDirectiveCollection id="ref-83" xmlns:a1="http://schemas.microsoft.com/clr/nsassem/System.CodeDom/System%2C%20Version%3D4.0.0.0%2C%20Culture%3Dneutral%2C%20PublicKeyToken%3Db77a5c561934e089">
<CollectionBase_x002B_list href="#ref-201"/>
</a1:CodeDirectiveCollection>
<a1:CodeDirectiveCollection id="ref-84" xmlns:a1="http://schemas.microsoft.com/clr/nsassem/System.CodeDom/System%2C%20Version%3D4.0.0.0%2C%20Culture%3Dneutral%2C%20PublicKeyToken%3Db77a5c561934e089">
<CollectionBase_x002B_list href="#ref-202"/>
</a1:CodeDirectiveCollection>
<a4:ListDictionary id="ref-85" xmlns:a4="http://schemas.microsoft.com/clr/nsassem/System.Collections.Specialized/System%2C%20Version%3D4.0.0.0%2C%20Culture%3Dneutral%2C%20PublicKeyToken%3Db77a5c561934e089">
<head xsi:null="1"/>
<version>0</version>
<count>0</count>
<comparer xsi:null="1"/>
</a4:ListDictionary>
<a1:CodePropertyReferenceExpression id="ref-86" xmlns:a1="http://schemas.microsoft.com/clr/nsassem/System.CodeDom/System%2C%20Version%3D4.0.0.0%2C%20Culture%3Dneutral%2C%20PublicKeyToken%3Db77a5c561934e089">
<targetObject href="#ref-189"/>
<propertyName href="#ref-160"/>
<parameters href="#ref-203"/>
<CodeObject_x002B_userData href="#ref-204"/>
</a1:CodePropertyReferenceExpression>
<a1:CodePrimitiveExpression id="ref-87" xmlns:a1="http://schemas.microsoft.com/clr/nsassem/System.CodeDom/System%2C%20Version%3D4.0.0.0%2C%20Culture%3Dneutral%2C%20PublicKeyToken%3Db77a5c561934e089">
<value href="#ref-182"/>
<CodeObject_x002B_userData href="#ref-205"/>
</a1:CodePrimitiveExpression>
<a1:CodeDirectiveCollection id="ref-88" xmlns:a1="http://schemas.microsoft.com/clr/nsassem/System.CodeDom/System%2C%20Version%3D4.0.0.0%2C%20Culture%3Dneutral%2C%20PublicKeyToken%3Db77a5c561934e089">
<CollectionBase_x002B_list href="#ref-206"/>
</a1:CodeDirectiveCollection>
<a1:CodeDirectiveCollection id="ref-89" xmlns:a1="http://schemas.microsoft.com/clr/nsassem/System.CodeDom/System%2C%20Version%3D4.0.0.0%2C%20Culture%3Dneutral%2C%20PublicKeyToken%3Db77a5c561934e089">
<CollectionBase_x002B_list href="#ref-207"/>
</a1:CodeDirectiveCollection>
<a4:ListDictionary id="ref-90" xmlns:a4="http://schemas.microsoft.com/clr/nsassem/System.Collections.Specialized/System%2C%20Version%3D4.0.0.0%2C%20Culture%3Dneutral%2C%20PublicKeyToken%3Db77a5c561934e089">
<head xsi:null="1"/>
<version>0</version>
<count>0</count>
<comparer xsi:null="1"/>
</a4:ListDictionary>
<a1:CodeComment id="ref-91" xmlns:a1="http://schemas.microsoft.com/clr/nsassem/System.CodeDom/System%2C%20Version%3D4.0.0.0%2C%20Culture%3Dneutral%2C%20PublicKeyToken%3Db77a5c561934e089">
<text href="#ref-130"/>
<docComment>false</docComment>
<CodeObject_x002B_userData href="#ref-208"/>
</a1:CodeComment>
<a1:CodeDirectiveCollection id="ref-92" xmlns:a1="http://schemas.microsoft.com/clr/nsassem/System.CodeDom/System%2C%20Version%3D4.0.0.0%2C%20Culture%3Dneutral%2C%20PublicKeyToken%3Db77a5c561934e089">
<CollectionBase_x002B_list href="#ref-209"/>
</a1:CodeDirectiveCollection>
<a1:CodeDirectiveCollection id="ref-93" xmlns:a1="http://schemas.microsoft.com/clr/nsassem/System.CodeDom/System%2C%20Version%3D4.0.0.0%2C%20Culture%3Dneutral%2C%20PublicKeyToken%3Db77a5c561934e089">
<CollectionBase_x002B_list href="#ref-210"/>
</a1:CodeDirectiveCollection>
<a4:ListDictionary id="ref-94" xmlns:a4="http://schemas.microsoft.com/clr/nsassem/System.Collections.Specialized/System%2C%20Version%3D4.0.0.0%2C%20Culture%3Dneutral%2C%20PublicKeyToken%3Db77a5c561934e089">
<head xsi:null="1"/>
<version>0</version>
<count>0</count>
<comparer xsi:null="1"/>
</a4:ListDictionary>
<a1:CodeComment id="ref-95" xmlns:a1="http://schemas.microsoft.com/clr/nsassem/System.CodeDom/System%2C%20Version%3D4.0.0.0%2C%20Culture%3Dneutral%2C%20PublicKeyToken%3Db77a5c561934e089">
<text id="ref-211">selectFluidCombobox</text>
<docComment>false</docComment>
<CodeObject_x002B_userData href="#ref-212"/>
</a1:CodeComment>
<a1:CodeDirectiveCollection id="ref-96" xmlns:a1="http://schemas.microsoft.com/clr/nsassem/System.CodeDom/System%2C%20Version%3D4.0.0.0%2C%20Culture%3Dneutral%2C%20PublicKeyToken%3Db77a5c561934e089">
<CollectionBase_x002B_list href="#ref-213"/>
</a1:CodeDirectiveCollection>
<a1:CodeDirectiveCollection id="ref-97" xmlns:a1="http://schemas.microsoft.com/clr/nsassem/System.CodeDom/System%2C%20Version%3D4.0.0.0%2C%20Culture%3Dneutral%2C%20PublicKeyToken%3Db77a5c561934e089">
<CollectionBase_x002B_list href="#ref-214"/>
</a1:CodeDirectiveCollection>
<a4:ListDictionary id="ref-98" xmlns:a4="http://schemas.microsoft.com/clr/nsassem/System.Collections.Specialized/System%2C%20Version%3D4.0.0.0%2C%20Culture%3Dneutral%2C%20PublicKeyToken%3Db77a5c561934e089">
<head xsi:null="1"/>
<version>0</version>
<count>0</count>
<comparer xsi:null="1"/>
</a4:ListDictionary>
<a1:CodeComment id="ref-99" xmlns:a1="http://schemas.microsoft.com/clr/nsassem/System.CodeDom/System%2C%20Version%3D4.0.0.0%2C%20Culture%3Dneutral%2C%20PublicKeyToken%3Db77a5c561934e089">
<text href="#ref-130"/>
<docComment>false</docComment>
<CodeObject_x002B_userData href="#ref-215"/>
</a1:CodeComment>
<a1:CodeDirectiveCollection id="ref-100" xmlns:a1="http://schemas.microsoft.com/clr/nsassem/System.CodeDom/System%2C%20Version%3D4.0.0.0%2C%20Culture%3Dneutral%2C%20PublicKeyToken%3Db77a5c561934e089">
<CollectionBase_x002B_list href="#ref-216"/>
</a1:CodeDirectiveCollection>
<a1:CodeDirectiveCollection id="ref-101" xmlns:a1="http://schemas.microsoft.com/clr/nsassem/System.CodeDom/System%2C%20Version%3D4.0.0.0%2C%20Culture%3Dneutral%2C%20PublicKeyToken%3Db77a5c561934e089">
<CollectionBase_x002B_list href="#ref-217"/>
</a1:CodeDirectiveCollection>
<a4:ListDictionary id="ref-102" xmlns:a4="http://schemas.microsoft.com/clr/nsassem/System.Collections.Specialized/System%2C%20Version%3D4.0.0.0%2C%20Culture%3Dneutral%2C%20PublicKeyToken%3Db77a5c561934e089">
<head xsi:null="1"/>
<version>0</version>
<count>0</count>
<comparer xsi:null="1"/>
</a4:ListDictionary>
<a1:CodePropertyReferenceExpression id="ref-103" xmlns:a1="http://schemas.microsoft.com/clr/nsassem/System.CodeDom/System%2C%20Version%3D4.0.0.0%2C%20Culture%3Dneutral%2C%20PublicKeyToken%3Db77a5c561934e089">
<targetObject href="#ref-218"/>
<propertyName href="#ref-160"/>
<parameters href="#ref-219"/>
<CodeObject_x002B_userData href="#ref-220"/>
</a1:CodePropertyReferenceExpression>
<a1:CodePrimitiveExpression id="ref-104" xmlns:a1="http://schemas.microsoft.com/clr/nsassem/System.CodeDom/System%2C%20Version%3D4.0.0.0%2C%20Culture%3Dneutral%2C%20PublicKeyToken%3Db77a5c561934e089">
<value href="#ref-211"/>
<CodeObject_x002B_userData href="#ref-221"/>
</a1:CodePrimitiveExpression>
<a1:CodeDirectiveCollection id="ref-105" xmlns:a1="http://schemas.microsoft.com/clr/nsassem/System.CodeDom/System%2C%20Version%3D4.0.0.0%2C%20Culture%3Dneutral%2C%20PublicKeyToken%3Db77a5c561934e089">
<CollectionBase_x002B_list href="#ref-222"/>
</a1:CodeDirectiveCollection>
<a1:CodeDirectiveCollection id="ref-106" xmlns:a1="http://schemas.microsoft.com/clr/nsassem/System.CodeDom/System%2C%20Version%3D4.0.0.0%2C%20Culture%3Dneutral%2C%20PublicKeyToken%3Db77a5c561934e089">
<CollectionBase_x002B_list href="#ref-223"/>
</a1:CodeDirectiveCollection>
<a4:ListDictionary id="ref-107" xmlns:a4="http://schemas.microsoft.com/clr/nsassem/System.Collections.Specialized/System%2C%20Version%3D4.0.0.0%2C%20Culture%3Dneutral%2C%20PublicKeyToken%3Db77a5c561934e089">
<head xsi:null="1"/>
<version>0</version>
<count>0</count>
<comparer xsi:null="1"/>
</a4:ListDictionary>
<a1:CodePropertyReferenceExpression id="ref-108" xmlns:a1="http://schemas.microsoft.com/clr/nsassem/System.CodeDom/System%2C%20Version%3D4.0.0.0%2C%20Culture%3Dneutral%2C%20PublicKeyToken%3Db77a5c561934e089">
<targetObject href="#ref-218"/>
<propertyName id="ref-224">Text</propertyName>
<parameters href="#ref-225"/>
<CodeObject_x002B_userData href="#ref-226"/>
</a1:CodePropertyReferenceExpression>
<a1:CodePrimitiveExpression id="ref-109" xmlns:a1="http://schemas.microsoft.com/clr/nsassem/System.CodeDom/System%2C%20Version%3D4.0.0.0%2C%20Culture%3Dneutral%2C%20PublicKeyToken%3Db77a5c561934e089">
<value id="ref-227" xsi:type="SOAP-ENC:string">Select injection gas</value>
<CodeObject_x002B_userData href="#ref-228"/>
</a1:CodePrimitiveExpression>
<a1:CodeDirectiveCollection id="ref-110" xmlns:a1="http://schemas.microsoft.com/clr/nsassem/System.CodeDom/System%2C%20Version%3D4.0.0.0%2C%20Culture%3Dneutral%2C%20PublicKeyToken%3Db77a5c561934e089">
<CollectionBase_x002B_list href="#ref-229"/>
</a1:CodeDirectiveCollection>
<a1:CodeDirectiveCollection id="ref-111" xmlns:a1="http://schemas.microsoft.com/clr/nsassem/System.CodeDom/System%2C%20Version%3D4.0.0.0%2C%20Culture%3Dneutral%2C%20PublicKeyToken%3Db77a5c561934e089">
<CollectionBase_x002B_list href="#ref-230"/>
</a1:CodeDirectiveCollection>
<a4:ListDictionary id="ref-112" xmlns:a4="http://schemas.microsoft.com/clr/nsassem/System.Collections.Specialized/System%2C%20Version%3D4.0.0.0%2C%20Culture%3Dneutral%2C%20PublicKeyToken%3Db77a5c561934e089">
<head xsi:null="1"/>
<version>0</version>
<count>0</count>
<comparer xsi:null="1"/>
</a4:ListDictionary>
<a1:CodePropertyReferenceExpression id="ref-113" xmlns:a1="http://schemas.microsoft.com/clr/nsassem/System.CodeDom/System%2C%20Version%3D4.0.0.0%2C%20Culture%3Dneutral%2C%20PublicKeyToken%3Db77a5c561934e089">
<targetObject href="#ref-218"/>
<propertyName id="ref-231">Visible</propertyName>
<parameters href="#ref-232"/>
<CodeObject_x002B_userData href="#ref-233"/>
</a1:CodePropertyReferenceExpression>
<a1:CodePrimitiveExpression id="ref-114" xmlns:a1="http://schemas.microsoft.com/clr/nsassem/System.CodeDom/System%2C%20Version%3D4.0.0.0%2C%20Culture%3Dneutral%2C%20PublicKeyToken%3Db77a5c561934e089">
<value xsi:type="xsd:boolean">false</value>
<CodeObject_x002B_userData href="#ref-234"/>
</a1:CodePrimitiveExpression>
<a1:CodeDirectiveCollection id="ref-115" xmlns:a1="http://schemas.microsoft.com/clr/nsassem/System.CodeDom/System%2C%20Version%3D4.0.0.0%2C%20Culture%3Dneutral%2C%20PublicKeyToken%3Db77a5c561934e089">
<CollectionBase_x002B_list href="#ref-235"/>
</a1:CodeDirectiveCollection>
<a1:CodeDirectiveCollection id="ref-116" xmlns:a1="http://schemas.microsoft.com/clr/nsassem/System.CodeDom/System%2C%20Version%3D4.0.0.0%2C%20Culture%3Dneutral%2C%20PublicKeyToken%3Db77a5c561934e089">
<CollectionBase_x002B_list href="#ref-236"/>
</a1:CodeDirectiveCollection>
<a4:ListDictionary id="ref-117" xmlns:a4="http://schemas.microsoft.com/clr/nsassem/System.Collections.Specialized/System%2C%20Version%3D4.0.0.0%2C%20Culture%3Dneutral%2C%20PublicKeyToken%3Db77a5c561934e089">
<head xsi:null="1"/>
<version>0</version>
<count>0</count>
<comparer xsi:null="1"/>
</a4:ListDictionary>
<a1:CodeComment id="ref-118" xmlns:a1="http://schemas.microsoft.com/clr/nsassem/System.CodeDom/System%2C%20Version%3D4.0.0.0%2C%20Culture%3Dneutral%2C%20PublicKeyToken%3Db77a5c561934e089">
<text href="#ref-130"/>
<docComment>false</docComment>
<CodeObject_x002B_userData href="#ref-237"/>
</a1:CodeComment>
<a1:CodeDirectiveCollection id="ref-119" xmlns:a1="http://schemas.microsoft.com/clr/nsassem/System.CodeDom/System%2C%20Version%3D4.0.0.0%2C%20Culture%3Dneutral%2C%20PublicKeyToken%3Db77a5c561934e089">
<CollectionBase_x002B_list href="#ref-238"/>
</a1:CodeDirectiveCollection>
<a1:CodeDirectiveCollection id="ref-120" xmlns:a1="http://schemas.microsoft.com/clr/nsassem/System.CodeDom/System%2C%20Version%3D4.0.0.0%2C%20Culture%3Dneutral%2C%20PublicKeyToken%3Db77a5c561934e089">
<CollectionBase_x002B_list href="#ref-239"/>
</a1:CodeDirectiveCollection>
<a4:ListDictionary id="ref-121" xmlns:a4="http://schemas.microsoft.com/clr/nsassem/System.Collections.Specialized/System%2C%20Version%3D4.0.0.0%2C%20Culture%3Dneutral%2C%20PublicKeyToken%3Db77a5c561934e089">
<head xsi:null="1"/>
<version>0</version>
<count>0</count>
<comparer xsi:null="1"/>
</a4:ListDictionary>
<a1:CodeComment id="ref-122" xmlns:a1="http://schemas.microsoft.com/clr/nsassem/System.CodeDom/System%2C%20Version%3D4.0.0.0%2C%20Culture%3Dneutral%2C%20PublicKeyToken%3Db77a5c561934e089">
<text id="ref-240">PVTSheet</text>
<docComment>false</docComment>
<CodeObject_x002B_userData href="#ref-241"/>
</a1:CodeComment>
<a1:CodeDirectiveCollection id="ref-123" xmlns:a1="http://schemas.microsoft.com/clr/nsassem/System.CodeDom/System%2C%20Version%3D4.0.0.0%2C%20Culture%3Dneutral%2C%20PublicKeyToken%3Db77a5c561934e089">
<CollectionBase_x002B_list href="#ref-242"/>
</a1:CodeDirectiveCollection>
<a1:CodeDirectiveCollection id="ref-124" xmlns:a1="http://schemas.microsoft.com/clr/nsassem/System.CodeDom/System%2C%20Version%3D4.0.0.0%2C%20Culture%3Dneutral%2C%20PublicKeyToken%3Db77a5c561934e089">
<CollectionBase_x002B_list href="#ref-243"/>
</a1:CodeDirectiveCollection>
<a4:ListDictionary id="ref-125" xmlns:a4="http://schemas.microsoft.com/clr/nsassem/System.Collections.Specialized/System%2C%20Version%3D4.0.0.0%2C%20Culture%3Dneutral%2C%20PublicKeyToken%3Db77a5c561934e089">
<head xsi:null="1"/>
<version>0</version>
<count>0</count>
<comparer xsi:null="1"/>
</a4:ListDictionary>
<a1:CodeComment id="ref-126" xmlns:a1="http://schemas.microsoft.com/clr/nsassem/System.CodeDom/System%2C%20Version%3D4.0.0.0%2C%20Culture%3Dneutral%2C%20PublicKeyToken%3Db77a5c561934e089">
<text href="#ref-130"/>
<docComment>false</docComment>
<CodeObject_x002B_userData href="#ref-244"/>
</a1:CodeComment>
<a1:CodeDirectiveCollection id="ref-127" xmlns:a1="http://schemas.microsoft.com/clr/nsassem/System.CodeDom/System%2C%20Version%3D4.0.0.0%2C%20Culture%3Dneutral%2C%20PublicKeyToken%3Db77a5c561934e089">
<CollectionBase_x002B_list href="#ref-245"/>
</a1:CodeDirectiveCollection>
<a1:CodeDirectiveCollection id="ref-128" xmlns:a1="http://schemas.microsoft.com/clr/nsassem/System.CodeDom/System%2C%20Version%3D4.0.0.0%2C%20Culture%3Dneutral%2C%20PublicKeyToken%3Db77a5c561934e089">
<CollectionBase_x002B_list href="#ref-246"/>
</a1:CodeDirectiveCollection>
<a4:ListDictionary id="ref-129" xmlns:a4="http://schemas.microsoft.com/clr/nsassem/System.Collections.Specialized/System%2C%20Version%3D4.0.0.0%2C%20Culture%3Dneutral%2C%20PublicKeyToken%3Db77a5c561934e089">
<head xsi:null="1"/>
<version>0</version>
<count>0</count>
<comparer xsi:null="1"/>
</a4:ListDictionary>
<a4:ListDictionary id="ref-131" xmlns:a4="http://schemas.microsoft.com/clr/nsassem/System.Collections.Specialized/System%2C%20Version%3D4.0.0.0%2C%20Culture%3Dneutral%2C%20PublicKeyToken%3Db77a5c561934e089">
<head xsi:null="1"/>
<version>0</version>
<count>0</count>
<comparer xsi:null="1"/>
</a4:ListDictionary>
<a2:ArrayList id="ref-132" xmlns:a2="http://schemas.microsoft.com/clr/ns/System.Collections">
<_items href="#ref-247"/>
<_size>0</_size>
<_version>0</_version>
</a2:ArrayList>
<a2:ArrayList id="ref-133" xmlns:a2="http://schemas.microsoft.com/clr/ns/System.Collections">
<_items href="#ref-247"/>
<_size>0</_size>
<_version>0</_version>
</a2:ArrayList>
<a4:ListDictionary id="ref-135" xmlns:a4="http://schemas.microsoft.com/clr/nsassem/System.Collections.Specialized/System%2C%20Version%3D4.0.0.0%2C%20Culture%3Dneutral%2C%20PublicKeyToken%3Db77a5c561934e089">
<head xsi:null="1"/>
<version>0</version>
<count>0</count>
<comparer xsi:null="1"/>
</a4:ListDictionary>
<a2:ArrayList id="ref-136" xmlns:a2="http://schemas.microsoft.com/clr/ns/System.Collections">
<_items href="#ref-247"/>
<_size>0</_size>
<_version>0</_version>
</a2:ArrayList>
<a2:ArrayList id="ref-137" xmlns:a2="http://schemas.microsoft.com/clr/ns/System.Collections">
<_items href="#ref-247"/>
<_size>0</_size>
<_version>0</_version>
</a2:ArrayList>
<a4:ListDictionary id="ref-138" xmlns:a4="http://schemas.microsoft.com/clr/nsassem/System.Collections.Specialized/System%2C%20Version%3D4.0.0.0%2C%20Culture%3Dneutral%2C%20PublicKeyToken%3Db77a5c561934e089">
<head xsi:null="1"/>
<version>0</version>
<count>0</count>
<comparer xsi:null="1"/>
</a4:ListDictionary>
<a2:ArrayList id="ref-139" xmlns:a2="http://schemas.microsoft.com/clr/ns/System.Collections">
<_items href="#ref-247"/>
<_size>0</_size>
<_version>0</_version>
</a2:ArrayList>
<a2:ArrayList id="ref-140" xmlns:a2="http://schemas.microsoft.com/clr/ns/System.Collections">
<_items href="#ref-247"/>
<_size>0</_size>
<_version>0</_version>
</a2:ArrayList>
<a1:CodeFieldReferenceExpression id="ref-141" xmlns:a1="http://schemas.microsoft.com/clr/nsassem/System.CodeDom/System%2C%20Version%3D4.0.0.0%2C%20Culture%3Dneutral%2C%20PublicKeyToken%3Db77a5c561934e089">
<targetObject href="#ref-248"/>
<fieldName href="#ref-134"/>
<CodeObject_x002B_userData href="#ref-249"/>
</a1:CodeFieldReferenceExpression>
<a1:CodeExpressionCollection id="ref-143" xmlns:a1="http://schemas.microsoft.com/clr/nsassem/System.CodeDom/System%2C%20Version%3D4.0.0.0%2C%20Culture%3Dneutral%2C%20PublicKeyToken%3Db77a5c561934e089">
<CollectionBase_x002B_list href="#ref-250"/>
</a1:CodeExpressionCollection>
<a4:ListDictionary id="ref-144" xmlns:a4="http://schemas.microsoft.com/clr/nsassem/System.Collections.Specialized/System%2C%20Version%3D4.0.0.0%2C%20Culture%3Dneutral%2C%20PublicKeyToken%3Db77a5c561934e089">
<head xsi:null="1"/>
<version>0</version>
<count>0</count>
<comparer xsi:null="1"/>
</a4:ListDictionary>
<a1:CodeTypeReferenceExpression id="ref-145" xmlns:a1="http://schemas.microsoft.com/clr/nsassem/System.CodeDom/System%2C%20Version%3D4.0.0.0%2C%20Culture%3Dneutral%2C%20PublicKeyToken%3Db77a5c561934e089">
<type href="#ref-251"/>
<CodeObject_x002B_userData href="#ref-252"/>
</a1:CodeTypeReferenceExpression>
<a1:CodeExpressionCollection id="ref-147" xmlns:a1="http://schemas.microsoft.com/clr/nsassem/System.CodeDom/System%2C%20Version%3D4.0.0.0%2C%20Culture%3Dneutral%2C%20PublicKeyToken%3Db77a5c561934e089">
<CollectionBase_x002B_list href="#ref-253"/>
</a1:CodeExpressionCollection>
<a4:ListDictionary id="ref-148" xmlns:a4="http://schemas.microsoft.com/clr/nsassem/System.Collections.Specialized/System%2C%20Version%3D4.0.0.0%2C%20Culture%3Dneutral%2C%20PublicKeyToken%3Db77a5c561934e089">
<head xsi:null="1"/>
<version>0</version>
<count>0</count>
<comparer xsi:null="1"/>
</a4:ListDictionary>
<a2:ArrayList id="ref-149" xmlns:a2="http://schemas.microsoft.com/clr/ns/System.Collections">
<_items href="#ref-247"/>
<_size>0</_size>
<_version>0</_version>
</a2:ArrayList>
<a2:ArrayList id="ref-150" xmlns:a2="http://schemas.microsoft.com/clr/ns/System.Collections">
<_items href="#ref-247"/>
<_size>0</_size>
<_version>0</_version>
</a2:ArrayList>
<a1:CodeExpressionCollection id="ref-152" xmlns:a1="http://schemas.microsoft.com/clr/nsassem/System.CodeDom/System%2C%20Version%3D4.0.0.0%2C%20Culture%3Dneutral%2C%20PublicKeyToken%3Db77a5c561934e089">
<CollectionBase_x002B_list href="#ref-254"/>
</a1:CodeExpressionCollection>
<a4:ListDictionary id="ref-153" xmlns:a4="http://schemas.microsoft.com/clr/nsassem/System.Collections.Specialized/System%2C%20Version%3D4.0.0.0%2C%20Culture%3Dneutral%2C%20PublicKeyToken%3Db77a5c561934e089">
<head xsi:null="1"/>
<version>0</version>
<count>0</count>
<comparer xsi:null="1"/>
</a4:ListDictionary>
<a1:CodeTypeReferenceExpression id="ref-154" xmlns:a1="http://schemas.microsoft.com/clr/nsassem/System.CodeDom/System%2C%20Version%3D4.0.0.0%2C%20Culture%3Dneutral%2C%20PublicKeyToken%3Db77a5c561934e089">
<type href="#ref-255"/>
<CodeObject_x002B_userData href="#ref-256"/>
</a1:CodeTypeReferenceExpression>
<a1:CodeExpressionCollection id="ref-156" xmlns:a1="http://schemas.microsoft.com/clr/nsassem/System.CodeDom/System%2C%20Version%3D4.0.0.0%2C%20Culture%3Dneutral%2C%20PublicKeyToken%3Db77a5c561934e089">
<CollectionBase_x002B_list href="#ref-257"/>
</a1:CodeExpressionCollection>
<a4:ListDictionary id="ref-157" xmlns:a4="http://schemas.microsoft.com/clr/nsassem/System.Collections.Specialized/System%2C%20Version%3D4.0.0.0%2C%20Culture%3Dneutral%2C%20PublicKeyToken%3Db77a5c561934e089">
<head xsi:null="1"/>
<version>0</version>
<count>0</count>
<comparer xsi:null="1"/>
</a4:ListDictionary>
<a2:ArrayList id="ref-158" xmlns:a2="http://schemas.microsoft.com/clr/ns/System.Collections">
<_items href="#ref-247"/>
<_size>0</_size>
<_version>0</_version>
</a2:ArrayList>
<a2:ArrayList id="ref-159" xmlns:a2="http://schemas.microsoft.com/clr/ns/System.Collections">
<_items href="#ref-247"/>
<_size>0</_size>
<_version>0</_version>
</a2:ArrayList>
<a1:CodeExpressionCollection id="ref-161" xmlns:a1="http://schemas.microsoft.com/clr/nsassem/System.CodeDom/System%2C%20Version%3D4.0.0.0%2C%20Culture%3Dneutral%2C%20PublicKeyToken%3Db77a5c561934e089">
<CollectionBase_x002B_list href="#ref-258"/>
</a1:CodeExpressionCollection>
<a4:ListDictionary id="ref-162" xmlns:a4="http://schemas.microsoft.com/clr/nsassem/System.Collections.Specialized/System%2C%20Version%3D4.0.0.0%2C%20Culture%3Dneutral%2C%20PublicKeyToken%3Db77a5c561934e089">
<head xsi:null="1"/>
<version>0</version>
<count>0</count>
<comparer xsi:null="1"/>
</a4:ListDictionary>
<a4:ListDictionary id="ref-163" xmlns:a4="http://schemas.microsoft.com/clr/nsassem/System.Collections.Specialized/System%2C%20Version%3D4.0.0.0%2C%20Culture%3Dneutral%2C%20PublicKeyToken%3Db77a5c561934e089">
<head xsi:null="1"/>
<version>0</version>
<count>0</count>
<comparer xsi:null="1"/>
</a4:ListDictionary>
<a2:ArrayList id="ref-164" xmlns:a2="http://schemas.microsoft.com/clr/ns/System.Collections">
<_items href="#ref-247"/>
<_size>0</_size>
<_version>0</_version>
</a2:ArrayList>
<a2:ArrayList id="ref-165" xmlns:a2="http://schemas.microsoft.com/clr/ns/System.Collections">
<_items href="#ref-247"/>
<_size>0</_size>
<_version>0</_version>
</a2:ArrayList>
<a1:CodeExpressionCollection id="ref-167" xmlns:a1="http://schemas.microsoft.com/clr/nsassem/System.CodeDom/System%2C%20Version%3D4.0.0.0%2C%20Culture%3Dneutral%2C%20PublicKeyToken%3Db77a5c561934e089">
<CollectionBase_x002B_list href="#ref-259"/>
</a1:CodeExpressionCollection>
<a4:ListDictionary id="ref-168" xmlns:a4="http://schemas.microsoft.com/clr/nsassem/System.Collections.Specialized/System%2C%20Version%3D4.0.0.0%2C%20Culture%3Dneutral%2C%20PublicKeyToken%3Db77a5c561934e089">
<head xsi:null="1"/>
<version>0</version>
<count>0</count>
<comparer xsi:null="1"/>
</a4:ListDictionary>
<a4:ListDictionary id="ref-170" xmlns:a4="http://schemas.microsoft.com/clr/nsassem/System.Collections.Specialized/System%2C%20Version%3D4.0.0.0%2C%20Culture%3Dneutral%2C%20PublicKeyToken%3Db77a5c561934e089">
<head xsi:null="1"/>
<version>0</version>
<count>0</count>
<comparer xsi:null="1"/>
</a4:ListDictionary>
<a2:ArrayList id="ref-171" xmlns:a2="http://schemas.microsoft.com/clr/ns/System.Collections">
<_items href="#ref-247"/>
<_size>0</_size>
<_version>0</_version>
</a2:ArrayList>
<a2:ArrayList id="ref-172" xmlns:a2="http://schemas.microsoft.com/clr/ns/System.Collections">
<_items href="#ref-247"/>
<_size>0</_size>
<_version>0</_version>
</a2:ArrayList>
<a1:CodeExpressionCollection id="ref-174" xmlns:a1="http://schemas.microsoft.com/clr/nsassem/System.CodeDom/System%2C%20Version%3D4.0.0.0%2C%20Culture%3Dneutral%2C%20PublicKeyToken%3Db77a5c561934e089">
<CollectionBase_x002B_list href="#ref-260"/>
</a1:CodeExpressionCollection>
<a4:ListDictionary id="ref-175" xmlns:a4="http://schemas.microsoft.com/clr/nsassem/System.Collections.Specialized/System%2C%20Version%3D4.0.0.0%2C%20Culture%3Dneutral%2C%20PublicKeyToken%3Db77a5c561934e089">
<head xsi:null="1"/>
<version>0</version>
<count>0</count>
<comparer xsi:null="1"/>
</a4:ListDictionary>
<a4:ListDictionary id="ref-176" xmlns:a4="http://schemas.microsoft.com/clr/nsassem/System.Collections.Specialized/System%2C%20Version%3D4.0.0.0%2C%20Culture%3Dneutral%2C%20PublicKeyToken%3Db77a5c561934e089">
<head xsi:null="1"/>
<version>0</version>
<count>0</count>
<comparer xsi:null="1"/>
</a4:ListDictionary>
<a2:ArrayList id="ref-177" xmlns:a2="http://schemas.microsoft.com/clr/ns/System.Collections">
<_items href="#ref-247"/>
<_size>0</_size>
<_version>0</_version>
</a2:ArrayList>
<a2:ArrayList id="ref-178" xmlns:a2="http://schemas.microsoft.com/clr/ns/System.Collections">
<_items href="#ref-247"/>
<_size>0</_size>
<_version>0</_version>
</a2:ArrayList>
<a4:ListDictionary id="ref-179" xmlns:a4="http://schemas.microsoft.com/clr/nsassem/System.Collections.Specialized/System%2C%20Version%3D4.0.0.0%2C%20Culture%3Dneutral%2C%20PublicKeyToken%3Db77a5c561934e089">
<head xsi:null="1"/>
<version>0</version>
<count>0</count>
<comparer xsi:null="1"/>
</a4:ListDictionary>
<a2:ArrayList id="ref-180" xmlns:a2="http://schemas.microsoft.com/clr/ns/System.Collections">
<_items href="#ref-247"/>
<_size>0</_size>
<_version>0</_version>
</a2:ArrayList>
<a2:ArrayList id="ref-181" xmlns:a2="http://schemas.microsoft.com/clr/ns/System.Collections">
<_items href="#ref-247"/>
<_size>0</_size>
<_version>0</_version>
</a2:ArrayList>
<a4:ListDictionary id="ref-183" xmlns:a4="http://schemas.microsoft.com/clr/nsassem/System.Collections.Specialized/System%2C%20Version%3D4.0.0.0%2C%20Culture%3Dneutral%2C%20PublicKeyToken%3Db77a5c561934e089">
<head xsi:null="1"/>
<version>0</version>
<count>0</count>
<comparer xsi:null="1"/>
</a4:ListDictionary>
<a2:ArrayList id="ref-184" xmlns:a2="http://schemas.microsoft.com/clr/ns/System.Collections">
<_items href="#ref-247"/>
<_size>0</_size>
<_version>0</_version>
</a2:ArrayList>
<a2:ArrayList id="ref-185" xmlns:a2="http://schemas.microsoft.com/clr/ns/System.Collections">
<_items href="#ref-247"/>
<_size>0</_size>
<_version>0</_version>
</a2:ArrayList>
<a4:ListDictionary id="ref-186" xmlns:a4="http://schemas.microsoft.com/clr/nsassem/System.Collections.Specialized/System%2C%20Version%3D4.0.0.0%2C%20Culture%3Dneutral%2C%20PublicKeyToken%3Db77a5c561934e089">
<head xsi:null="1"/>
<version>0</version>
<count>0</count>
<comparer xsi:null="1"/>
</a4:ListDictionary>
<a2:ArrayList id="ref-187" xmlns:a2="http://schemas.microsoft.com/clr/ns/System.Collections">
<_items href="#ref-247"/>
<_size>0</_size>
<_version>0</_version>
</a2:ArrayList>
<a2:ArrayList id="ref-188" xmlns:a2="http://schemas.microsoft.com/clr/ns/System.Collections">
<_items href="#ref-247"/>
<_size>0</_size>
<_version>0</_version>
</a2:ArrayList>
<a1:CodeFieldReferenceExpression id="ref-189" xmlns:a1="http://schemas.microsoft.com/clr/nsassem/System.CodeDom/System%2C%20Version%3D4.0.0.0%2C%20Culture%3Dneutral%2C%20PublicKeyToken%3Db77a5c561934e089">
<targetObject href="#ref-248"/>
<fieldName href="#ref-182"/>
<CodeObject_x002B_userData href="#ref-261"/>
</a1:CodeFieldReferenceExpression>
<a1:CodeExpressionCollection id="ref-191" xmlns:a1="http://schemas.microsoft.com/clr/nsassem/System.CodeDom/System%2C%20Version%3D4.0.0.0%2C%20Culture%3Dneutral%2C%20PublicKeyToken%3Db77a5c561934e089">
<CollectionBase_x002B_list href="#ref-262"/>
</a1:CodeExpressionCollection>
<a4:ListDictionary id="ref-192" xmlns:a4="http://schemas.microsoft.com/clr/nsassem/System.Collections.Specialized/System%2C%20Version%3D4.0.0.0%2C%20Culture%3Dneutral%2C%20PublicKeyToken%3Db77a5c561934e089">
<head xsi:null="1"/>
<version>0</version>
<count>0</count>
<comparer xsi:null="1"/>
</a4:ListDictionary>
<a1:CodeTypeReferenceExpression id="ref-193" xmlns:a1="http://schemas.microsoft.com/clr/nsassem/System.CodeDom/System%2C%20Version%3D4.0.0.0%2C%20Culture%3Dneutral%2C%20PublicKeyToken%3Db77a5c561934e089">
<type href="#ref-263"/>
<CodeObject_x002B_userData href="#ref-264"/>
</a1:CodeTypeReferenceExpression>
<a4:ListDictionary id="ref-195" xmlns:a4="http://schemas.microsoft.com/clr/nsassem/System.Collections.Specialized/System%2C%20Version%3D4.0.0.0%2C%20Culture%3Dneutral%2C%20PublicKeyToken%3Db77a5c561934e089">
<head xsi:null="1"/>
<version>0</version>
<count>0</count>
<comparer xsi:null="1"/>
</a4:ListDictionary>
<a2:ArrayList id="ref-196" xmlns:a2="http://schemas.microsoft.com/clr/ns/System.Collections">
<_items href="#ref-247"/>
<_size>0</_size>
<_version>0</_version>
</a2:ArrayList>
<a2:ArrayList id="ref-197" xmlns:a2="http://schemas.microsoft.com/clr/ns/System.Collections">
<_items href="#ref-247"/>
<_size>0</_size>
<_version>0</_version>
</a2:ArrayList>
<a1:CodeMethodReferenceExpression id="ref-198" xmlns:a1="http://schemas.microsoft.com/clr/nsassem/System.CodeDom/System%2C%20Version%3D4.0.0.0%2C%20Culture%3Dneutral%2C%20PublicKeyToken%3Db77a5c561934e089">
<targetObject href="#ref-265"/>
<methodName id="ref-266">AddRange</methodName>
<typeArguments href="#ref-267"/>
<CodeObject_x002B_userData href="#ref-268"/>
</a1:CodeMethodReferenceExpression>
<a1:CodeExpressionCollection id="ref-199" xmlns:a1="http://schemas.microsoft.com/clr/nsassem/System.CodeDom/System%2C%20Version%3D4.0.0.0%2C%20Culture%3Dneutral%2C%20PublicKeyToken%3Db77a5c561934e089">
<CollectionBase_x002B_list href="#ref-269"/>
</a1:CodeExpressionCollection>
<a4:ListDictionary id="ref-200" xmlns:a4="http://schemas.microsoft.com/clr/nsassem/System.Collections.Specialized/System%2C%20Version%3D4.0.0.0%2C%20Culture%3Dneutral%2C%20PublicKeyToken%3Db77a5c561934e089">
<head xsi:null="1"/>
<version>0</version>
<count>0</count>
<comparer xsi:null="1"/>
</a4:ListDictionary>
<a2:ArrayList id="ref-201" xmlns:a2="http://schemas.microsoft.com/clr/ns/System.Collections">
<_items href="#ref-247"/>
<_size>0</_size>
<_version>0</_version>
</a2:ArrayList>
<a2:ArrayList id="ref-202" xmlns:a2="http://schemas.microsoft.com/clr/ns/System.Collections">
<_items href="#ref-247"/>
<_size>0</_size>
<_version>0</_version>
</a2:ArrayList>
<a1:CodeExpressionCollection id="ref-203" xmlns:a1="http://schemas.microsoft.com/clr/nsassem/System.CodeDom/System%2C%20Version%3D4.0.0.0%2C%20Culture%3Dneutral%2C%20PublicKeyToken%3Db77a5c561934e089">
<CollectionBase_x002B_list href="#ref-270"/>
</a1:CodeExpressionCollection>
<a4:ListDictionary id="ref-204" xmlns:a4="http://schemas.microsoft.com/clr/nsassem/System.Collections.Specialized/System%2C%20Version%3D4.0.0.0%2C%20Culture%3Dneutral%2C%20PublicKeyToken%3Db77a5c561934e089">
<head xsi:null="1"/>
<version>0</version>
<count>0</count>
<comparer xsi:null="1"/>
</a4:ListDictionary>
<a4:ListDictionary id="ref-205" xmlns:a4="http://schemas.microsoft.com/clr/nsassem/System.Collections.Specialized/System%2C%20Version%3D4.0.0.0%2C%20Culture%3Dneutral%2C%20PublicKeyToken%3Db77a5c561934e089">
<head xsi:null="1"/>
<version>0</version>
<count>0</count>
<comparer xsi:null="1"/>
</a4:ListDictionary>
<a2:ArrayList id="ref-206" xmlns:a2="http://schemas.microsoft.com/clr/ns/System.Collections">
<_items href="#ref-247"/>
<_size>0</_size>
<_version>0</_version>
</a2:ArrayList>
<a2:ArrayList id="ref-207" xmlns:a2="http://schemas.microsoft.com/clr/ns/System.Collections">
<_items href="#ref-247"/>
<_size>0</_size>
<_version>0</_version>
</a2:ArrayList>
<a4:ListDictionary id="ref-208" xmlns:a4="http://schemas.microsoft.com/clr/nsassem/System.Collections.Specialized/System%2C%20Version%3D4.0.0.0%2C%20Culture%3Dneutral%2C%20PublicKeyToken%3Db77a5c561934e089">
<head xsi:null="1"/>
<version>0</version>
<count>0</count>
<comparer xsi:null="1"/>
</a4:ListDictionary>
<a2:ArrayList id="ref-209" xmlns:a2="http://schemas.microsoft.com/clr/ns/System.Collections">
<_items href="#ref-247"/>
<_size>0</_size>
<_version>0</_version>
</a2:ArrayList>
<a2:ArrayList id="ref-210" xmlns:a2="http://schemas.microsoft.com/clr/ns/System.Collections">
<_items href="#ref-247"/>
<_size>0</_size>
<_version>0</_version>
</a2:ArrayList>
<a4:ListDictionary id="ref-212" xmlns:a4="http://schemas.microsoft.com/clr/nsassem/System.Collections.Specialized/System%2C%20Version%3D4.0.0.0%2C%20Culture%3Dneutral%2C%20PublicKeyToken%3Db77a5c561934e089">
<head xsi:null="1"/>
<version>0</version>
<count>0</count>
<comparer xsi:null="1"/>
</a4:ListDictionary>
<a2:ArrayList id="ref-213" xmlns:a2="http://schemas.microsoft.com/clr/ns/System.Collections">
<_items href="#ref-247"/>
<_size>0</_size>
<_version>0</_version>
</a2:ArrayList>
<a2:ArrayList id="ref-214" xmlns:a2="http://schemas.microsoft.com/clr/ns/System.Collections">
<_items href="#ref-247"/>
<_size>0</_size>
<_version>0</_version>
</a2:ArrayList>
<a4:ListDictionary id="ref-215" xmlns:a4="http://schemas.microsoft.com/clr/nsassem/System.Collections.Specialized/System%2C%20Version%3D4.0.0.0%2C%20Culture%3Dneutral%2C%20PublicKeyToken%3Db77a5c561934e089">
<head xsi:null="1"/>
<version>0</version>
<count>0</count>
<comparer xsi:null="1"/>
</a4:ListDictionary>
<a2:ArrayList id="ref-216" xmlns:a2="http://schemas.microsoft.com/clr/ns/System.Collections">
<_items href="#ref-247"/>
<_size>0</_size>
<_version>0</_version>
</a2:ArrayList>
<a2:ArrayList id="ref-217" xmlns:a2="http://schemas.microsoft.com/clr/ns/System.Collections">
<_items href="#ref-247"/>
<_size>0</_size>
<_version>0</_version>
</a2:ArrayList>
<a1:CodeFieldReferenceExpression id="ref-218" xmlns:a1="http://schemas.microsoft.com/clr/nsassem/System.CodeDom/System%2C%20Version%3D4.0.0.0%2C%20Culture%3Dneutral%2C%20PublicKeyToken%3Db77a5c561934e089">
<targetObject href="#ref-248"/>
<fieldName href="#ref-211"/>
<CodeObject_x002B_userData href="#ref-271"/>
</a1:CodeFieldReferenceExpression>
<a1:CodeExpressionCollection id="ref-219" xmlns:a1="http://schemas.microsoft.com/clr/nsassem/System.CodeDom/System%2C%20Version%3D4.0.0.0%2C%20Culture%3Dneutral%2C%20PublicKeyToken%3Db77a5c561934e089">
<CollectionBase_x002B_list href="#ref-272"/>
</a1:CodeExpressionCollection>
<a4:ListDictionary id="ref-220" xmlns:a4="http://schemas.microsoft.com/clr/nsassem/System.Collections.Specialized/System%2C%20Version%3D4.0.0.0%2C%20Culture%3Dneutral%2C%20PublicKeyToken%3Db77a5c561934e089">
<head xsi:null="1"/>
<version>0</version>
<count>0</count>
<comparer xsi:null="1"/>
</a4:ListDictionary>
<a4:ListDictionary id="ref-221" xmlns:a4="http://schemas.microsoft.com/clr/nsassem/System.Collections.Specialized/System%2C%20Version%3D4.0.0.0%2C%20Culture%3Dneutral%2C%20PublicKeyToken%3Db77a5c561934e089">
<head xsi:null="1"/>
<version>0</version>
<count>0</count>
<comparer xsi:null="1"/>
</a4:ListDictionary>
<a2:ArrayList id="ref-222" xmlns:a2="http://schemas.microsoft.com/clr/ns/System.Collections">
<_items href="#ref-247"/>
<_size>0</_size>
<_version>0</_version>
</a2:ArrayList>
<a2:ArrayList id="ref-223" xmlns:a2="http://schemas.microsoft.com/clr/ns/System.Collections">
<_items href="#ref-247"/>
<_size>0</_size>
<_version>0</_version>
</a2:ArrayList>
<a1:CodeExpressionCollection id="ref-225" xmlns:a1="http://schemas.microsoft.com/clr/nsassem/System.CodeDom/System%2C%20Version%3D4.0.0.0%2C%20Culture%3Dneutral%2C%20PublicKeyToken%3Db77a5c561934e089">
<CollectionBase_x002B_list href="#ref-273"/>
</a1:CodeExpressionCollection>
<a4:ListDictionary id="ref-226" xmlns:a4="http://schemas.microsoft.com/clr/nsassem/System.Collections.Specialized/System%2C%20Version%3D4.0.0.0%2C%20Culture%3Dneutral%2C%20PublicKeyToken%3Db77a5c561934e089">
<head xsi:null="1"/>
<version>0</version>
<count>0</count>
<comparer xsi:null="1"/>
</a4:ListDictionary>
<a4:ListDictionary id="ref-228" xmlns:a4="http://schemas.microsoft.com/clr/nsassem/System.Collections.Specialized/System%2C%20Version%3D4.0.0.0%2C%20Culture%3Dneutral%2C%20PublicKeyToken%3Db77a5c561934e089">
<head xsi:null="1"/>
<version>0</version>
<count>0</count>
<comparer xsi:null="1"/>
</a4:ListDictionary>
<a2:ArrayList id="ref-229" xmlns:a2="http://schemas.microsoft.com/clr/ns/System.Collections">
<_items href="#ref-247"/>
<_size>0</_size>
<_version>0</_version>
</a2:ArrayList>
<a2:ArrayList id="ref-230" xmlns:a2="http://schemas.microsoft.com/clr/ns/System.Collections">
<_items href="#ref-247"/>
<_size>0</_size>
<_version>0</_version>
</a2:ArrayList>
<a1:CodeExpressionCollection id="ref-232" xmlns:a1="http://schemas.microsoft.com/clr/nsassem/System.CodeDom/System%2C%20Version%3D4.0.0.0%2C%20Culture%3Dneutral%2C%20PublicKeyToken%3Db77a5c561934e089">
<CollectionBase_x002B_list href="#ref-274"/>
</a1:CodeExpressionCollection>
<a4:ListDictionary id="ref-233" xmlns:a4="http://schemas.microsoft.com/clr/nsassem/System.Collections.Specialized/System%2C%20Version%3D4.0.0.0%2C%20Culture%3Dneutral%2C%20PublicKeyToken%3Db77a5c561934e089">
<head xsi:null="1"/>
<version>0</version>
<count>0</count>
<comparer xsi:null="1"/>
</a4:ListDictionary>
<a4:ListDictionary id="ref-234" xmlns:a4="http://schemas.microsoft.com/clr/nsassem/System.Collections.Specialized/System%2C%20Version%3D4.0.0.0%2C%20Culture%3Dneutral%2C%20PublicKeyToken%3Db77a5c561934e089">
<head xsi:null="1"/>
<version>0</version>
<count>0</count>
<comparer xsi:null="1"/>
</a4:ListDictionary>
<a2:ArrayList id="ref-235" xmlns:a2="http://schemas.microsoft.com/clr/ns/System.Collections">
<_items href="#ref-247"/>
<_size>0</_size>
<_version>0</_version>
</a2:ArrayList>
<a2:ArrayList id="ref-236" xmlns:a2="http://schemas.microsoft.com/clr/ns/System.Collections">
<_items href="#ref-247"/>
<_size>0</_size>
<_version>0</_version>
</a2:ArrayList>
<a4:ListDictionary id="ref-237" xmlns:a4="http://schemas.microsoft.com/clr/nsassem/System.Collections.Specialized/System%2C%20Version%3D4.0.0.0%2C%20Culture%3Dneutral%2C%20PublicKeyToken%3Db77a5c561934e089">
<head xsi:null="1"/>
<version>0</version>
<count>0</count>
<comparer xsi:null="1"/>
</a4:ListDictionary>
<a2:ArrayList id="ref-238" xmlns:a2="http://schemas.microsoft.com/clr/ns/System.Collections">
<_items href="#ref-247"/>
<_size>0</_size>
<_version>0</_version>
</a2:ArrayList>
<a2:ArrayList id="ref-239" xmlns:a2="http://schemas.microsoft.com/clr/ns/System.Collections">
<_items href="#ref-247"/>
<_size>0</_size>
<_version>0</_version>
</a2:ArrayList>
<a4:ListDictionary id="ref-241" xmlns:a4="http://schemas.microsoft.com/clr/nsassem/System.Collections.Specialized/System%2C%20Version%3D4.0.0.0%2C%20Culture%3Dneutral%2C%20PublicKeyToken%3Db77a5c561934e089">
<head xsi:null="1"/>
<version>0</version>
<count>0</count>
<comparer xsi:null="1"/>
</a4:ListDictionary>
<a2:ArrayList id="ref-242" xmlns:a2="http://schemas.microsoft.com/clr/ns/System.Collections">
<_items href="#ref-247"/>
<_size>0</_size>
<_version>0</_version>
</a2:ArrayList>
<a2:ArrayList id="ref-243" xmlns:a2="http://schemas.microsoft.com/clr/ns/System.Collections">
<_items href="#ref-247"/>
<_size>0</_size>
<_version>0</_version>
</a2:ArrayList>
<a4:ListDictionary id="ref-244" xmlns:a4="http://schemas.microsoft.com/clr/nsassem/System.Collections.Specialized/System%2C%20Version%3D4.0.0.0%2C%20Culture%3Dneutral%2C%20PublicKeyToken%3Db77a5c561934e089">
<head xsi:null="1"/>
<version>0</version>
<count>0</count>
<comparer xsi:null="1"/>
</a4:ListDictionary>
<a2:ArrayList id="ref-245" xmlns:a2="http://schemas.microsoft.com/clr/ns/System.Collections">
<_items href="#ref-247"/>
<_size>0</_size>
<_version>0</_version>
</a2:ArrayList>
<a2:ArrayList id="ref-246" xmlns:a2="http://schemas.microsoft.com/clr/ns/System.Collections">
<_items href="#ref-247"/>
<_size>0</_size>
<_version>0</_version>
</a2:ArrayList>
<SOAP-ENC:Array id="ref-247" SOAP-ENC:arrayType="xsd:anyType[0]">
</SOAP-ENC:Array>
<a1:CodeThisReferenceExpression id="ref-248" xmlns:a1="http://schemas.microsoft.com/clr/nsassem/System.CodeDom/System%2C%20Version%3D4.0.0.0%2C%20Culture%3Dneutral%2C%20PublicKeyToken%3Db77a5c561934e089">
<CodeObject_x002B_userData href="#ref-275"/>
</a1:CodeThisReferenceExpression>
<a4:ListDictionary id="ref-249" xmlns:a4="http://schemas.microsoft.com/clr/nsassem/System.Collections.Specialized/System%2C%20Version%3D4.0.0.0%2C%20Culture%3Dneutral%2C%20PublicKeyToken%3Db77a5c561934e089">
<head xsi:null="1"/>
<version>0</version>
<count>0</count>
<comparer xsi:null="1"/>
</a4:ListDictionary>
<a2:ArrayList id="ref-250" xmlns:a2="http://schemas.microsoft.com/clr/ns/System.Collections">
<_items href="#ref-247"/>
<_size>0</_size>
<_version>0</_version>
</a2:ArrayList>
<a1:CodeTypeReference id="ref-251" xmlns:a1="http://schemas.microsoft.com/clr/nsassem/System.CodeDom/System%2C%20Version%3D4.0.0.0%2C%20Culture%3Dneutral%2C%20PublicKeyToken%3Db77a5c561934e089">
<baseType id="ref-276">System.Drawing.SystemColors</baseType>
<isInterface>false</isInterface>
<arrayRank>0</arrayRank>
<arrayElementType xsi:null="1"/>
<typeArguments href="#ref-277"/>
<referenceOptions>0</referenceOptions>
<needsFixup>true</needsFixup>
<CodeObject_x002B_userData href="#ref-278"/>
</a1:CodeTypeReference>
<a4:ListDictionary id="ref-252" xmlns:a4="http://schemas.microsoft.com/clr/nsassem/System.Collections.Specialized/System%2C%20Version%3D4.0.0.0%2C%20Culture%3Dneutral%2C%20PublicKeyToken%3Db77a5c561934e089">
<head xsi:null="1"/>
<version>0</version>
<count>0</count>
<comparer xsi:null="1"/>
</a4:ListDictionary>
<a2:ArrayList id="ref-253" xmlns:a2="http://schemas.microsoft.com/clr/ns/System.Collections">
<_items href="#ref-247"/>
<_size>0</_size>
<_version>0</_version>
</a2:ArrayList>
<a2:ArrayList id="ref-254" xmlns:a2="http://schemas.microsoft.com/clr/ns/System.Collections">
<_items href="#ref-247"/>
<_size>0</_size>
<_version>0</_version>
</a2:ArrayList>
<a1:CodeTypeReference id="ref-255" xmlns:a1="http://schemas.microsoft.com/clr/nsassem/System.CodeDom/System%2C%20Version%3D4.0.0.0%2C%20Culture%3Dneutral%2C%20PublicKeyToken%3Db77a5c561934e089">
<baseType id="ref-279">System.Drawing.SystemColors</baseType>
<isInterface>false</isInterface>
<arrayRank>0</arrayRank>
<arrayElementType xsi:null="1"/>
<typeArguments href="#ref-280"/>
<referenceOptions>0</referenceOptions>
<needsFixup>true</needsFixup>
<CodeObject_x002B_userData href="#ref-281"/>
</a1:CodeTypeReference>
<a4:ListDictionary id="ref-256" xmlns:a4="http://schemas.microsoft.com/clr/nsassem/System.Collections.Specialized/System%2C%20Version%3D4.0.0.0%2C%20Culture%3Dneutral%2C%20PublicKeyToken%3Db77a5c561934e089">
<head xsi:null="1"/>
<version>0</version>
<count>0</count>
<comparer xsi:null="1"/>
</a4:ListDictionary>
<a2:ArrayList id="ref-257" xmlns:a2="http://schemas.microsoft.com/clr/ns/System.Collections">
<_items href="#ref-247"/>
<_size>0</_size>
<_version>0</_version>
</a2:ArrayList>
<a2:ArrayList id="ref-258" xmlns:a2="http://schemas.microsoft.com/clr/ns/System.Collections">
<_items href="#ref-247"/>
<_size>0</_size>
<_version>0</_version>
</a2:ArrayList>
<a2:ArrayList id="ref-259" xmlns:a2="http://schemas.microsoft.com/clr/ns/System.Collections">
<_items href="#ref-247"/>
<_size>0</_size>
<_version>0</_version>
</a2:ArrayList>
<a2:ArrayList id="ref-260" xmlns:a2="http://schemas.microsoft.com/clr/ns/System.Collections">
<_items href="#ref-247"/>
<_size>0</_size>
<_version>0</_version>
</a2:ArrayList>
<a4:ListDictionary id="ref-261" xmlns:a4="http://schemas.microsoft.com/clr/nsassem/System.Collections.Specialized/System%2C%20Version%3D4.0.0.0%2C%20Culture%3Dneutral%2C%20PublicKeyToken%3Db77a5c561934e089">
<head xsi:null="1"/>
<version>0</version>
<count>0</count>
<comparer xsi:null="1"/>
</a4:ListDictionary>
<a2:ArrayList id="ref-262" xmlns:a2="http://schemas.microsoft.com/clr/ns/System.Collections">
<_items href="#ref-247"/>
<_size>0</_size>
<_version>0</_version>
</a2:ArrayList>
<a1:CodeTypeReference id="ref-263" xmlns:a1="http://schemas.microsoft.com/clr/nsassem/System.CodeDom/System%2C%20Version%3D4.0.0.0%2C%20Culture%3Dneutral%2C%20PublicKeyToken%3Db77a5c561934e089">
<baseType id="ref-282">System.Windows.Forms.ComboBoxStyle</baseType>
<isInterface>false</isInterface>
<arrayRank>0</arrayRank>
<arrayElementType xsi:null="1"/>
<typeArguments href="#ref-283"/>
<referenceOptions>0</referenceOptions>
<needsFixup>true</needsFixup>
<CodeObject_x002B_userData href="#ref-284"/>
</a1:CodeTypeReference>
<a4:ListDictionary id="ref-264" xmlns:a4="http://schemas.microsoft.com/clr/nsassem/System.Collections.Specialized/System%2C%20Version%3D4.0.0.0%2C%20Culture%3Dneutral%2C%20PublicKeyToken%3Db77a5c561934e089">
<head xsi:null="1"/>
<version>0</version>
<count>0</count>
<comparer xsi:null="1"/>
</a4:ListDictionary>
<a1:CodePropertyReferenceExpression id="ref-265" xmlns:a1="http://schemas.microsoft.com/clr/nsassem/System.CodeDom/System%2C%20Version%3D4.0.0.0%2C%20Culture%3Dneutral%2C%20PublicKeyToken%3Db77a5c561934e089">
<targetObject href="#ref-189"/>
<propertyName id="ref-285">Items</propertyName>
<parameters href="#ref-286"/>
<CodeObject_x002B_userData href="#ref-287"/>
</a1:CodePropertyReferenceExpression>
<a1:CodeTypeReferenceCollection id="ref-267" xmlns:a1="http://schemas.microsoft.com/clr/nsassem/System.CodeDom/System%2C%20Version%3D4.0.0.0%2C%20Culture%3Dneutral%2C%20PublicKeyToken%3Db77a5c561934e089">
<CollectionBase_x002B_list href="#ref-288"/>
</a1:CodeTypeReferenceCollection>
<a4:ListDictionary id="ref-268" xmlns:a4="http://schemas.microsoft.com/clr/nsassem/System.Collections.Specialized/System%2C%20Version%3D4.0.0.0%2C%20Culture%3Dneutral%2C%20PublicKeyToken%3Db77a5c561934e089">
<head xsi:null="1"/>
<version>0</version>
<count>0</count>
<comparer xsi:null="1"/>
</a4:ListDictionary>
<a2:ArrayList id="ref-269" xmlns:a2="http://schemas.microsoft.com/clr/ns/System.Collections">
<_items href="#ref-289"/>
<_size>1</_size>
<_version>1</_version>
</a2:ArrayList>
<a2:ArrayList id="ref-270" xmlns:a2="http://schemas.microsoft.com/clr/ns/System.Collections">
<_items href="#ref-247"/>
<_size>0</_size>
<_version>0</_version>
</a2:ArrayList>
<a4:ListDictionary id="ref-271" xmlns:a4="http://schemas.microsoft.com/clr/nsassem/System.Collections.Specialized/System%2C%20Version%3D4.0.0.0%2C%20Culture%3Dneutral%2C%20PublicKeyToken%3Db77a5c561934e089">
<head xsi:null="1"/>
<version>0</version>
<count>0</count>
<comparer xsi:null="1"/>
</a4:ListDictionary>
<a2:ArrayList id="ref-272" xmlns:a2="http://schemas.microsoft.com/clr/ns/System.Collections">
<_items href="#ref-247"/>
<_size>0</_size>
<_version>0</_version>
</a2:ArrayList>
<a2:ArrayList id="ref-273" xmlns:a2="http://schemas.microsoft.com/clr/ns/System.Collections">
<_items href="#ref-247"/>
<_size>0</_size>
<_version>0</_version>
</a2:ArrayList>
<a2:ArrayList id="ref-274" xmlns:a2="http://schemas.microsoft.com/clr/ns/System.Collections">
<_items href="#ref-247"/>
<_size>0</_size>
<_version>0</_version>
</a2:ArrayList>
<a4:ListDictionary id="ref-275" xmlns:a4="http://schemas.microsoft.com/clr/nsassem/System.Collections.Specialized/System%2C%20Version%3D4.0.0.0%2C%20Culture%3Dneutral%2C%20PublicKeyToken%3Db77a5c561934e089">
<head xsi:null="1"/>
<version>0</version>
<count>0</count>
<comparer xsi:null="1"/>
</a4:ListDictionary>
<a1:CodeTypeReferenceCollection id="ref-277" xmlns:a1="http://schemas.microsoft.com/clr/nsassem/System.CodeDom/System%2C%20Version%3D4.0.0.0%2C%20Culture%3Dneutral%2C%20PublicKeyToken%3Db77a5c561934e089">
<CollectionBase_x002B_list href="#ref-290"/>
</a1:CodeTypeReferenceCollection>
<a4:ListDictionary id="ref-278" xmlns:a4="http://schemas.microsoft.com/clr/nsassem/System.Collections.Specialized/System%2C%20Version%3D4.0.0.0%2C%20Culture%3Dneutral%2C%20PublicKeyToken%3Db77a5c561934e089">
<head xsi:null="1"/>
<version>0</version>
<count>0</count>
<comparer xsi:null="1"/>
</a4:ListDictionary>
<a1:CodeTypeReferenceCollection id="ref-280" xmlns:a1="http://schemas.microsoft.com/clr/nsassem/System.CodeDom/System%2C%20Version%3D4.0.0.0%2C%20Culture%3Dneutral%2C%20PublicKeyToken%3Db77a5c561934e089">
<CollectionBase_x002B_list href="#ref-291"/>
</a1:CodeTypeReferenceCollection>
<a4:ListDictionary id="ref-281" xmlns:a4="http://schemas.microsoft.com/clr/nsassem/System.Collections.Specialized/System%2C%20Version%3D4.0.0.0%2C%20Culture%3Dneutral%2C%20PublicKeyToken%3Db77a5c561934e089">
<head xsi:null="1"/>
<version>0</version>
<count>0</count>
<comparer xsi:null="1"/>
</a4:ListDictionary>
<a1:CodeTypeReferenceCollection id="ref-283" xmlns:a1="http://schemas.microsoft.com/clr/nsassem/System.CodeDom/System%2C%20Version%3D4.0.0.0%2C%20Culture%3Dneutral%2C%20PublicKeyToken%3Db77a5c561934e089">
<CollectionBase_x002B_list href="#ref-292"/>
</a1:CodeTypeReferenceCollection>
<a4:ListDictionary id="ref-284" xmlns:a4="http://schemas.microsoft.com/clr/nsassem/System.Collections.Specialized/System%2C%20Version%3D4.0.0.0%2C%20Culture%3Dneutral%2C%20PublicKeyToken%3Db77a5c561934e089">
<head xsi:null="1"/>
<version>0</version>
<count>0</count>
<comparer xsi:null="1"/>
</a4:ListDictionary>
<a1:CodeExpressionCollection id="ref-286" xmlns:a1="http://schemas.microsoft.com/clr/nsassem/System.CodeDom/System%2C%20Version%3D4.0.0.0%2C%20Culture%3Dneutral%2C%20PublicKeyToken%3Db77a5c561934e089">
<CollectionBase_x002B_list href="#ref-293"/>
</a1:CodeExpressionCollection>
<a4:ListDictionary id="ref-287" xmlns:a4="http://schemas.microsoft.com/clr/nsassem/System.Collections.Specialized/System%2C%20Version%3D4.0.0.0%2C%20Culture%3Dneutral%2C%20PublicKeyToken%3Db77a5c561934e089">
<head xsi:null="1"/>
<version>0</version>
<count>0</count>
<comparer xsi:null="1"/>
</a4:ListDictionary>
<a2:ArrayList id="ref-288" xmlns:a2="http://schemas.microsoft.com/clr/ns/System.Collections">
<_items href="#ref-247"/>
<_size>0</_size>
<_version>0</_version>
</a2:ArrayList>
<SOAP-ENC:Array id="ref-289" SOAP-ENC:arrayType="xsd:anyType[4]">
<item href="#ref-294"/>
</SOAP-ENC:Array>
<a2:ArrayList id="ref-290" xmlns:a2="http://schemas.microsoft.com/clr/ns/System.Collections">
<_items href="#ref-247"/>
<_size>0</_size>
<_version>0</_version>
</a2:ArrayList>
<a2:ArrayList id="ref-291" xmlns:a2="http://schemas.microsoft.com/clr/ns/System.Collections">
<_items href="#ref-247"/>
<_size>0</_size>
<_version>0</_version>
</a2:ArrayList>
<a2:ArrayList id="ref-292" xmlns:a2="http://schemas.microsoft.com/clr/ns/System.Collections">
<_items href="#ref-247"/>
<_size>0</_size>
<_version>0</_version>
</a2:ArrayList>
<a2:ArrayList id="ref-293" xmlns:a2="http://schemas.microsoft.com/clr/ns/System.Collections">
<_items href="#ref-247"/>
<_size>0</_size>
<_version>0</_version>
</a2:ArrayList>
<a1:CodeArrayCreateExpression id="ref-294" xmlns:a1="http://schemas.microsoft.com/clr/nsassem/System.CodeDom/System%2C%20Version%3D4.0.0.0%2C%20Culture%3Dneutral%2C%20PublicKeyToken%3Db77a5c561934e089">
<createType href="#ref-295"/>
<initializers href="#ref-296"/>
<sizeExpression xsi:null="1"/>
<size>0</size>
<CodeObject_x002B_userData href="#ref-297"/>
</a1:CodeArrayCreateExpression>
<a1:CodeTypeReference id="ref-295" xmlns:a1="http://schemas.microsoft.com/clr/nsassem/System.CodeDom/System%2C%20Version%3D4.0.0.0%2C%20Culture%3Dneutral%2C%20PublicKeyToken%3Db77a5c561934e089">
<baseType id="ref-298">System.Object</baseType>
<isInterface>false</isInterface>
<arrayRank>0</arrayRank>
<arrayElementType xsi:null="1"/>
<typeArguments href="#ref-299"/>
<referenceOptions>0</referenceOptions>
<needsFixup>true</needsFixup>
<CodeObject_x002B_userData href="#ref-300"/>
</a1:CodeTypeReference>
<a1:CodeExpressionCollection id="ref-296" xmlns:a1="http://schemas.microsoft.com/clr/nsassem/System.CodeDom/System%2C%20Version%3D4.0.0.0%2C%20Culture%3Dneutral%2C%20PublicKeyToken%3Db77a5c561934e089">
<CollectionBase_x002B_list href="#ref-301"/>
</a1:CodeExpressionCollection>
<a4:ListDictionary id="ref-297" xmlns:a4="http://schemas.microsoft.com/clr/nsassem/System.Collections.Specialized/System%2C%20Version%3D4.0.0.0%2C%20Culture%3Dneutral%2C%20PublicKeyToken%3Db77a5c561934e089">
<head xsi:null="1"/>
<version>0</version>
<count>0</count>
<comparer xsi:null="1"/>
</a4:ListDictionary>
<a1:CodeTypeReferenceCollection id="ref-299" xmlns:a1="http://schemas.microsoft.com/clr/nsassem/System.CodeDom/System%2C%20Version%3D4.0.0.0%2C%20Culture%3Dneutral%2C%20PublicKeyToken%3Db77a5c561934e089">
<CollectionBase_x002B_list href="#ref-302"/>
</a1:CodeTypeReferenceCollection>
<a4:ListDictionary id="ref-300" xmlns:a4="http://schemas.microsoft.com/clr/nsassem/System.Collections.Specialized/System%2C%20Version%3D4.0.0.0%2C%20Culture%3Dneutral%2C%20PublicKeyToken%3Db77a5c561934e089">
<head xsi:null="1"/>
<version>0</version>
<count>0</count>
<comparer xsi:null="1"/>
</a4:ListDictionary>
<a2:ArrayList id="ref-301" xmlns:a2="http://schemas.microsoft.com/clr/ns/System.Collections">
<_items href="#ref-303"/>
<_size>10</_size>
<_version>10</_version>
</a2:ArrayList>
<a2:ArrayList id="ref-302" xmlns:a2="http://schemas.microsoft.com/clr/ns/System.Collections">
<_items href="#ref-247"/>
<_size>0</_size>
<_version>0</_version>
</a2:ArrayList>
<SOAP-ENC:Array id="ref-303" SOAP-ENC:arrayType="xsd:anyType[16]">
<item href="#ref-304"/>
<item href="#ref-305"/>
<item href="#ref-306"/>
<item href="#ref-307"/>
<item href="#ref-308"/>
<item href="#ref-309"/>
<item href="#ref-310"/>
<item href="#ref-311"/>
<item href="#ref-312"/>
<item href="#ref-313"/>
</SOAP-ENC:Array>
<a1:CodePrimitiveExpression id="ref-304" xmlns:a1="http://schemas.microsoft.com/clr/nsassem/System.CodeDom/System%2C%20Version%3D4.0.0.0%2C%20Culture%3Dneutral%2C%20PublicKeyToken%3Db77a5c561934e089">
<value id="ref-314" xsi:type="SOAP-ENC:string">GOR</value>
<CodeObject_x002B_userData href="#ref-315"/>
</a1:CodePrimitiveExpression>
<a1:CodePrimitiveExpression id="ref-305" xmlns:a1="http://schemas.microsoft.com/clr/nsassem/System.CodeDom/System%2C%20Version%3D4.0.0.0%2C%20Culture%3Dneutral%2C%20PublicKeyToken%3Db77a5c561934e089">
<value id="ref-316" xsi:type="SOAP-ENC:string">CVD</value>
<CodeObject_x002B_userData href="#ref-317"/>
</a1:CodePrimitiveExpression>
<a1:CodePrimitiveExpression id="ref-306" xmlns:a1="http://schemas.microsoft.com/clr/nsassem/System.CodeDom/System%2C%20Version%3D4.0.0.0%2C%20Culture%3Dneutral%2C%20PublicKeyToken%3Db77a5c561934e089">
<value id="ref-318" xsi:type="SOAP-ENC:string">CME</value>
<CodeObject_x002B_userData href="#ref-319"/>
</a1:CodePrimitiveExpression>
<a1:CodePrimitiveExpression id="ref-307" xmlns:a1="http://schemas.microsoft.com/clr/nsassem/System.CodeDom/System%2C%20Version%3D4.0.0.0%2C%20Culture%3Dneutral%2C%20PublicKeyToken%3Db77a5c561934e089">
<value id="ref-320" xsi:type="SOAP-ENC:string">Separator test</value>
<CodeObject_x002B_userData href="#ref-321"/>
</a1:CodePrimitiveExpression>
<a1:CodePrimitiveExpression id="ref-308" xmlns:a1="http://schemas.microsoft.com/clr/nsassem/System.CodeDom/System%2C%20Version%3D4.0.0.0%2C%20Culture%3Dneutral%2C%20PublicKeyToken%3Db77a5c561934e089">
<value id="ref-322" xsi:type="SOAP-ENC:string">Differential liberation</value>
<CodeObject_x002B_userData href="#ref-323"/>
</a1:CodePrimitiveExpression>
<a1:CodePrimitiveExpression id="ref-309" xmlns:a1="http://schemas.microsoft.com/clr/nsassem/System.CodeDom/System%2C%20Version%3D4.0.0.0%2C%20Culture%3Dneutral%2C%20PublicKeyToken%3Db77a5c561934e089">
<value id="ref-324" xsi:type="SOAP-ENC:string">Wax content</value>
<CodeObject_x002B_userData href="#ref-325"/>
</a1:CodePrimitiveExpression>
<a1:CodePrimitiveExpression id="ref-310" xmlns:a1="http://schemas.microsoft.com/clr/nsassem/System.CodeDom/System%2C%20Version%3D4.0.0.0%2C%20Culture%3Dneutral%2C%20PublicKeyToken%3Db77a5c561934e089">
<value id="ref-326" xsi:type="SOAP-ENC:string">Viscosity</value>
<CodeObject_x002B_userData href="#ref-327"/>
</a1:CodePrimitiveExpression>
<a1:CodePrimitiveExpression id="ref-311" xmlns:a1="http://schemas.microsoft.com/clr/nsassem/System.CodeDom/System%2C%20Version%3D4.0.0.0%2C%20Culture%3Dneutral%2C%20PublicKeyToken%3Db77a5c561934e089">
<value id="ref-328" xsi:type="SOAP-ENC:string">Viscosity oil/wax</value>
<CodeObject_x002B_userData href="#ref-329"/>
</a1:CodePrimitiveExpression>
<a1:CodePrimitiveExpression id="ref-312" xmlns:a1="http://schemas.microsoft.com/clr/nsassem/System.CodeDom/System%2C%20Version%3D4.0.0.0%2C%20Culture%3Dneutral%2C%20PublicKeyToken%3Db77a5c561934e089">
<value id="ref-330" xsi:type="SOAP-ENC:string">Slim tube</value>
<CodeObject_x002B_userData href="#ref-331"/>
</a1:CodePrimitiveExpression>
<a1:CodePrimitiveExpression id="ref-313" xmlns:a1="http://schemas.microsoft.com/clr/nsassem/System.CodeDom/System%2C%20Version%3D4.0.0.0%2C%20Culture%3Dneutral%2C%20PublicKeyToken%3Db77a5c561934e089">
<value id="ref-332" xsi:type="SOAP-ENC:string">Swelling test</value>
<CodeObject_x002B_userData href="#ref-333"/>
</a1:CodePrimitiveExpression>
<a4:ListDictionary id="ref-315" xmlns:a4="http://schemas.microsoft.com/clr/nsassem/System.Collections.Specialized/System%2C%20Version%3D4.0.0.0%2C%20Culture%3Dneutral%2C%20PublicKeyToken%3Db77a5c561934e089">
<head xsi:null="1"/>
<version>0</version>
<count>0</count>
<comparer xsi:null="1"/>
</a4:ListDictionary>
<a4:ListDictionary id="ref-317" xmlns:a4="http://schemas.microsoft.com/clr/nsassem/System.Collections.Specialized/System%2C%20Version%3D4.0.0.0%2C%20Culture%3Dneutral%2C%20PublicKeyToken%3Db77a5c561934e089">
<head xsi:null="1"/>
<version>0</version>
<count>0</count>
<comparer xsi:null="1"/>
</a4:ListDictionary>
<a4:ListDictionary id="ref-319" xmlns:a4="http://schemas.microsoft.com/clr/nsassem/System.Collections.Specialized/System%2C%20Version%3D4.0.0.0%2C%20Culture%3Dneutral%2C%20PublicKeyToken%3Db77a5c561934e089">
<head xsi:null="1"/>
<version>0</version>
<count>0</count>
<comparer xsi:null="1"/>
</a4:ListDictionary>
<a4:ListDictionary id="ref-321" xmlns:a4="http://schemas.microsoft.com/clr/nsassem/System.Collections.Specialized/System%2C%20Version%3D4.0.0.0%2C%20Culture%3Dneutral%2C%20PublicKeyToken%3Db77a5c561934e089">
<head xsi:null="1"/>
<version>0</version>
<count>0</count>
<comparer xsi:null="1"/>
</a4:ListDictionary>
<a4:ListDictionary id="ref-323" xmlns:a4="http://schemas.microsoft.com/clr/nsassem/System.Collections.Specialized/System%2C%20Version%3D4.0.0.0%2C%20Culture%3Dneutral%2C%20PublicKeyToken%3Db77a5c561934e089">
<head xsi:null="1"/>
<version>0</version>
<count>0</count>
<comparer xsi:null="1"/>
</a4:ListDictionary>
<a4:ListDictionary id="ref-325" xmlns:a4="http://schemas.microsoft.com/clr/nsassem/System.Collections.Specialized/System%2C%20Version%3D4.0.0.0%2C%20Culture%3Dneutral%2C%20PublicKeyToken%3Db77a5c561934e089">
<head xsi:null="1"/>
<version>0</version>
<count>0</count>
<comparer xsi:null="1"/>
</a4:ListDictionary>
<a4:ListDictionary id="ref-327" xmlns:a4="http://schemas.microsoft.com/clr/nsassem/System.Collections.Specialized/System%2C%20Version%3D4.0.0.0%2C%20Culture%3Dneutral%2C%20PublicKeyToken%3Db77a5c561934e089">
<head xsi:null="1"/>
<version>0</version>
<count>0</count>
<comparer xsi:null="1"/>
</a4:ListDictionary>
<a4:ListDictionary id="ref-329" xmlns:a4="http://schemas.microsoft.com/clr/nsassem/System.Collections.Specialized/System%2C%20Version%3D4.0.0.0%2C%20Culture%3Dneutral%2C%20PublicKeyToken%3Db77a5c561934e089">
<head xsi:null="1"/>
<version>0</version>
<count>0</count>
<comparer xsi:null="1"/>
</a4:ListDictionary>
<a4:ListDictionary id="ref-331" xmlns:a4="http://schemas.microsoft.com/clr/nsassem/System.Collections.Specialized/System%2C%20Version%3D4.0.0.0%2C%20Culture%3Dneutral%2C%20PublicKeyToken%3Db77a5c561934e089">
<head xsi:null="1"/>
<version>0</version>
<count>0</count>
<comparer xsi:null="1"/>
</a4:ListDictionary>
<a4:ListDictionary id="ref-333" xmlns:a4="http://schemas.microsoft.com/clr/nsassem/System.Collections.Specialized/System%2C%20Version%3D4.0.0.0%2C%20Culture%3Dneutral%2C%20PublicKeyToken%3Db77a5c561934e089">
<head xsi:null="1"/>
<version>0</version>
<count>0</count>
<comparer xsi:null="1"/>
</a4:ListDictionary>
</SOAP-ENV:Body>
</SOAP-ENV:Envelope>
]]></hostitem:componentsInitialization>
</hostitem:hostItem>